product,cumulative_pct,abc_class
ANAR,5.112425483488817,A
APPLE ROYAL GALA,9.196431490972506,A
TOMATO LOCAL,12.406811431049872,A
BANGINAPALLI MANGO LOOSE KGS,15.046208189161565,A
POTATO,16.967764813154837,A
ONION,18.714346548812305,A
CARROT,20.331337221555238,A
TONED MILK 500ml HERITAGE,21.91106781493656,A
KIRAN MELON,23.42326392378022,A
RIDGE GOURD,24.874684356110293,A
BABY ORANGE,26.28389118233234,A
LADIES FINGER,27.499818159545413,A
USA FUJI APPLE,28.70401004055051,A
LEMON,29.818265299459057,A
BEAUTY PEARS,30.89595718376712,A
Black Chilly,31.89551240046954,A
BUSH BEANS,32.86452078357981,A
BOTTLE GOURD,33.81985308693185,A
PINK LADY APPLE,34.75207666367182,A
BLUE BERRY,35.657269103799024,A
Banana Yalakki,36.54296310421194,A
PAPPAYA,37.42178724598884,A
CUCUMBER,38.28283852491827,A
FULL CREAM MILK 500ml HERITAGE,39.11482813436144,A
GUAVA HYBRID BIG ANAND,39.93737064461937,A
RUBUSTA BANANA,40.741048845660885,A
PURE O FRESH EGGS 30 pack,41.513814376165264,A
CUSTARD APPLE ANAND,42.282269528360864,A
HIMAYATH MANGO KG LOOSE,43.0453387652572,A
CORIANDER,43.78811736202777,A
GARLIC,44.50467564917132,A
DONDAKAI,45.20918569313309,A
A2 BUFFALO MILK 500ml SIDS FARM,45.89476176527826,A
DASHERI MANGO KG LOOSE,46.57794780772851,A
BUTTON MUSHROOM,47.2422806854032,A
ENG ITEM BROCOLI SAMBERRY,47.896057926755766,A
WASHINGTON APPLE,48.5437718046966,A
PALAK GREEN,49.18721988209202,A
PANEER 200G HERITAGE,49.830625862642,A
COCONUT,50.47049877978711,A
GINGER,51.10863993746041,A
GREEN CHILLY,51.73224039578833,A
EUROPEN CUCUMBER,52.346727143044724,A
CURD 500g POUCH HERITAGE,52.9600307287282,A
FRESH LOOSE PANEER,53.572284886128884,A
KESARI MANGO KG LOOSE,54.149696520237946,A
CAPSICUM,54.69248001386795,A
MOUSAMBI,55.23308222932569,A
AVOCADO IMP SAMBERRY,55.75457050796806,A
SWEET POTATO,56.267333398263816,A
RAW BANANA(GREEN PLANTIN),56.77412712126974,A
CAULIFLOWER,57.27750182433612,A
DRAGON  FRUIT,57.77679006178147,A
CHINNA RASALU KG LOOSE,58.2628840294817,A
CALIFORINA RED GRAPES,58.74842884796795,A
PANEER 500G HERITAGE,59.23283776046083,A
Green Kiwi Small,59.69724984439379,A
BANANA CHOCOCHIP LOAF 350g KALSAN FOODS,60.15090340804977,A
ROSE LONG BRINJAL,60.59172873580388,A
GOLDEN KIWI SMALL,61.02156765324865,A
CHIKKUDUKAI,61.44395456269702,A
DRUMSTICK,61.86499267976616,A
CHEKKARAKELI BANANA,62.279613882929254,A
BEET ROOT,62.6908609195737,A
SWEET CORN,63.095405303574424,A
IMPORTED ORANGE,63.49298429390916,A
PURE O FRESH EGGS 6 PACK,63.88706747398756,A
ALPHONSO LOCAL KG LOOSE,64.2750946546487,A
CURD TUB 1KG HERITAGE,64.66157531770985,A
COLOUR CUCUMBER,65.03758308109275,A
WHITE ROUND BRINJAL,65.40433887145427,A
AMLA,65.76850072429514,A
NAGPUR ORANGE,66.10881280427733,A
FLY BERRY DERI DATES 255g,66.44186619096314,A
COW MILK 500ML POUCH SIDS FARM,66.77104013084599,A
KARPURAVALLI BANANA,67.08859140342054,A
EGGS 6PC JUST LAID VN POULTRY,67.40331356320686,A
CABBAGE,67.71225309710363,A
IMPORTED PLUMS,68.01307179903479,A
CHERUKU RASALU KG LOOSE,68.31379713181671,A
MENTI BIG,68.592641122906,A
AA KAKARAKAI,68.86551842762337,A
MUSK MELON - H,69.13105761029105,A
KALA JAMUN BOX PACK ANAND,69.39601176888395,A
WHITE SEEDLESS GRAPES,69.65983478642109,A
CAPSICUM YELLOW SAMBERRY,69.92260128733848,A
PINE APPLE,70.18518872898903,B
FREEDOM RF SUNFLOWER OIL 1LT POUCH,70.44012864268282,B
GULABI ROUND BRINJAL,70.6930492860829,B
CLUSTER BEANS,70.94488190914355,B
IDLY . DOSA BATTER 1KG ID FRESH,71.18767713889362,B
RAW MANGO,71.42827868588182,B
CHERRY LOCAL ANAND,71.66681697550766,B
ASH GOURD,71.90221434427959,B
CURRY LEAVES,72.13690461206286,B
COCONUT MANGO,72.36988536987639,B
GREEN PEAS,72.60188195148652,B
CAPSICUM RED SAMBERRY,72.83118209034801,B
NEELAM MANGO Kg LOOSE,73.05944997045395,B
LAB LAB,73.28588102618288,B
GREEN APPLE,73.51139678071561,B
TELANGANA CHEKKALU 250g  VELLANKI FOODS,73.72840227792766,B
FLYBERRY DREAMY DERI DATES 400G,73.94310796422205,B
MIXED SPROUTS ANAND,74.15339529320842,B
NATURAL CURD 450g SIDS FARM,74.36344634429705,B
CARRY BAG MEDIUM 5Kg HOLDING CAPACITY,74.57333200085725,B
GAVVALU SWEET 250G VELLANKI FOODS,74.7780864890716,B
CHEGODI 250g VELLANKI FOODS,74.97996232489851,B
Thotakura,75.17768282009722,B
LYCHEE LOCAL ANAND,75.3741559648941,B
SID FARMS MALAI PANEER 200g,75.56315071732936,B
PUMPKIN,75.7516568470721,B
FIGS AFGHANI NORMAL KG FLYBERRY,75.93978461714126,B
WALNUT PREMIUM KGS FLYBERRY,76.12782401927666,B
DATE BITES 160g FLYBERRY,76.312212927892,B
chukkakura,76.49444257155923,B
PALLI PEANUT CHIKKI 250g VELLANKI FOODS,76.67446663981039,B
BUFFALO GHEE 250g  VELLANKI FOODS,76.85078902099698,B
MURUKULU 250g VELLANKI FOODS,77.02609891201215,B
BLACK ROUND BRINJAL,77.1977331852908,B
PRM HMT RAW RICE 26KG BAG GAJANAN,77.36875112767319,B
PREMIUM MILK BREAD 400g SPENCERS AKSHAYA  FOODS,77.5385561768472,B
VAMPOOSA 250g VELLANKI FOODS,77.70693962066981,B
JANTHIKALU 250g VELLANKI FOODS,77.87508052523042,B
GONGURA(PUNTIKURA),78.04091610572243,B
BITTER GOURD,78.20656616868507,B
DR GOOD EGGS CAROTENOID 12 PACK,78.37197487377519,B
DOSA BATTER MIX 900g DSL,78.5361092534035,B
BROWN ANJEER BOX TURKEY,78.69816044956676,B
MALLIKA MANGO Kg LOOSE,78.85752276387412,B
GROUND NUT,79.01634569512058,B
CARRY BAG 8Kg HOLDING CAPACITY,79.17459517990925,B
CALIFORNIAN ALMOND PREMIUM KG FLYBERRY,79.33170745917609,B
PANEER 200G ID FRESH,79.48881257134671,B
BOONDI LADDU 250g VELLANKI FOODS,79.64422435858354,B
pink Dragon Fruit,79.79961263616956,B
MEDJOUL DATES LARGE FLYBERRY loose kgs,79.95498614638696,B
NATU DONDAKAI,80.1085865091208,B
DR GOOD EGGS CAROTENOID 30 PACK,80.26178909801378,B
CURD POUCH 400g MILKY MIST,80.41444037181206,B
CHAMA DUMPA,80.5658672929239,B
ULAVACHARU 250g HASSTA,80.71663621947019,B
ELEPHANT YAM,80.86586374777093,B
EGGS 12PS FARM MADE FREE RANGE U N V,81.01495116327833,B
MIXTURE 250g VELLANKI FOODS,81.16211094493667,B
FLYBERRY MEDJOUL MAJESTIC DATES 400g BOX,81.30766994383785,B
BLACK SEEDED GRAPES,81.44972568972894,B
PANEER 200g SINGLE BLOCK MILKY MIST,81.5907843822712,B
PUDHINA,81.73001243304144,B
THOTAPURI MANGO,81.86694468961834,B
CASHEW 320 KG FLYBERRY,82.00283165277563,B
GHEE ARISELU 250g VELLANKI FOODS,82.13481254848682,B
WALNUT REGULAR  KGS FLYBERRY,82.26459716237926,B
RIBBON PAKODI 250g VELLANKI FOODS,82.39435310788676,B
BOONDI 250g VELLANKI FOODS,82.52396728665562,B
ORGANIC MALAI PANEER 200g AKSHAYAKALPA,82.6523173786716,B
WHITE RADISH,82.77890594020062,B
EGGS 6PC FARM MADE FREE RANGE U N V,82.90212486387072,B
SNAKE GOURD,83.02344096287104,B
RAW PEANUT 1KG,83.14029613516209,B
G ELAICHI 50g,83.25689927769552,B
DOODH PEDA 200g HERITAGE,83.37275026892118,B
Pomogranate Pack of 4,83.48849887305782,B
SIMLA APPLE,83.60370443182616,B
TOMATO (APPLE) hybrid,83.7182775928012,B
CORN FLAKES MIXTURE250g VELLANKI FOODS,83.8320245293475,B
BUFFALO CURD 400g SIDS FARM,83.94549698973593,B
GOLD DROP SUNFLOWER OIL 1Lt pouch,84.05774553061407,B
FLYBERRY DREAMY DERI DATES 220g,84.16773289201087,B
WHOLE MEAL BROWN BREAD 400g SPENCERS AKSHAYA FOODS,84.27581034040097,B
CHINTA CHIGURU,84.38387621117406,B
PISTA GREEN SHELLED KG FLYBERRY,84.49133165799836,B
ROASTED SALTED PISTA KG FLYBERRY,84.59828674699455,B
BACHALAKURA,84.70516098957005,B
Royalaga Pack of 4,84.81172625941463,B
GARLIC PEELED BOX,84.91659741673242,B
Small Bitter Gourd,85.02065254895072,B
PARVAL,85.12391516572035,B
BOONDI MITAI ATCHU 250g VELLANKI FOODS,85.22579031929483,B
SPECIAL  LONG LIFE MILK 500ML HERITAGE,85.32590520253117,B
CASHEW BROKEN 2 PIECE  KGSFLYBERRY,85.425968892223,B
BABY POTATO,85.52577779558177,B
CHICOOS(Sapota),85.6250263265264,B
RAW PEANUT500g,85.72306393324513,B
BLACK GRAPES,85.82101754317122,B
DOUBLE HORSE URAD ROUND 1KG,85.91836403703907,B
LONG CHILLIES,86.01470568038746,B
TOOR DAL PRM UNPOLISHED FATKA 1KG,86.1106541966937,B
SET CURD 1kg BUCKET MILKY MIST,86.20563791158418,B
KIMIA DATES PLASTIC BOX 400G ORIGINAL,86.30009000120474,B
NUVVULA CHIKKI 250g VELLANKI FOODS,86.39426643327793,B
PUMPKIN SEEDS KG FLYBERRY,86.48820879271378,B
Red Banana,86.58102883213536,B
TOOR  DAL FATKA POLISHED 1kg,86.67281098151149,B
FREEDOM RICE BRAN 1LTR,86.76329754041502,B
BABY CORN PEELED,86.85360295293029,B
NUTRI+ WITH IMMUNITY BOOSTERS - 30 EGGS TRAY ABHI EGGS,86.94382173021638,B
VENNA VUNDALU 250GMS VELLANKI FOODS,87.03260315029124,B
MANGO JELLY ROLLS 250g VELLANKI FOODS,87.12112860264357,B
COW GHEE 350g SIDS FARM,87.2081576283102,B
NAVARATAN MIXTURE 250g VELLANKI FOODS,87.29394619501372,B
DILKUSH GRAPES KG LOOSE,87.37898977750567,B
SMALL CAPSICUM,87.46382011919492,B
IDLY BATTER 900g DSL,87.54762001359249,B
WHOLE WHEAT BREAD 400g  SPENCERS AKSHAYA FOODS,87.63057324552315,B
DALMOTI 250g VELLANKI FOODS,87.71295547253429,B
JEERA 200g,87.79417599988155,B
SWEET CORN SEED,87.87490428160854,B
LANGADA MANGO KG LOOSE,87.9552158478832,B
SANNAPOOSA 250g VELLANKI FOODS,88.03519591626734,B
MASALA PALLI 250GMS VELLANKI FOODS,88.11482156780487,B
BIG BRINJAL BLUE,88.19387404854214,B
CURD CUP 400GHERITAGE,88.2728814395806,B
ABC CANE JUICE,88.35164073882642,B
NETHI BHERAKAI,88.43020428183397,B
CALIFORNIAN ALMOND REGULAR KG  FLYBERRY,88.5087294690628,B
GOLDEN COW GHEE 500 ML HERITAGE,88.58699652268834,B
TOTAL CURD 120GMS HERITAGE,88.6649288492921,B
KAJJIKAYALU 250g VELLANKI FOODS,88.73980925305005,B
FREEDOM SUNFLOWER OIL 5LT,88.81425096751124,B
VITAMIN D3 IMMUNITY BOOSTER 30PC PACK ABHI EGGS,88.88867850529854,B
DRIED BLUEBERRY KG FLYBERRY,88.96273351160042,B
LOBIA,89.03642248405905,B
KP MALABAR  PAROTA 5PC ID FRESH,89.10999154548458,B
BADAM FLAVOURED MILK 180ML  PP BOTTLE HERITAGE,89.18252886008999,B
BUFFALO GHEE 350g SIDS FARM,89.25431796135256,B
MILKSHAKE CHOCOLATE 180ml EPIGAMIA,89.32579360060413,B
TAMARIND SEEDLESS 500g SRI SIVA RUDRA EVR,89.39499053643027,B
CURD 135g POUCH MILKY MIST,89.46402306221924,B
LEAF ONION,89.53167714275281,B
URAD ROUND UN POLISHED 1kg,89.59870032191978,B
FREEDOM GROUNDNUTOIL 1LT,89.66549608361017,B
BASMATHI RICE 1KG,89.73220521007138,B
FlyberryBrazilNut,89.79877650775892,B
COW GHEE 250G VELLANKI FOODS,89.86434362438106,B
KOBBARI VUNDALU 250g VELLANKI FOODS,89.92782361957322,B
AGMARK GHEE 500 ML HERITAGE,89.99126423511574,B
BOORELU 250g VELLANKI FOODS,90.05322811379737,C
ORGANIC-PROBIOTIC CURD AKSHAYAKALPA,90.1149557145813,C
VELLANKI JOWARI FLAKES 250G,90.1761062066,C
KAJU PAKODI 250g VELLANKI FOODS,90.23682962631852,C
SINGLE POLISH RICE 5Kg,90.29749397656262,C
ICE BERG ENGLISH ITEM SAMBERRY,90.35748969973578,C
WHEAT CHAPATI 390G 10PC ID FRESH,90.41627957865784,C
ENG ITEM GREEN LETTUCE SAMBERRY,90.474075672742,C
BELLAM SUNNIVUNDALU 250g VELLANKI FOODS,90.53137306294335,C
ALPHONSO MANGO PC RATNAGIRI,90.58863501146003,C
ENG ITEM COLOUR CABBAGE SAMBERRY,90.64526928774136,C
BANDARU HALWA 250g VELLANKI FOODS,90.70179877477506,C
TAPESWARAM KAJA 250g VELLANKI FOODS,90.75826919233432,C
SPICY ALOO CHIPS 100g VELLANKI FOODS,90.81468054041915,C
SAMBAR  ONION,90.87045409569868,C
VELLANKI JONNA MURKULU 250G,90.92548715604669,C
LAL MICHI WITHOUT STEM 200G EVR,90.97998859112481,C
KABULI CHANA 500g,91.03430887981465,C
VELLANKI MILLET MIXTURE 250g,91.08853268836293,C
AVOCADO LOCAL,91.14176558678776,C
GROUND NUT OIL 1Lt. COLD PRESSED MESMARA,91.19469183588093,C
KIMJO KIMIA DATES 400g ELEPHANT,91.24743217364826,C
AMRUTHA - A2 ORGANIC CURD. 500g AKSHAYAKALPA,91.29980710764674,C
WHEAT PAROTA 5PC 400G ID FRESH,91.35213281708319,C
MULBERY BOX PACK ANAND,91.40340512089222,C
CHOUSA MANGO KG LOOSE,91.4546260342585,C
VELLANKI MULTI SEEDS CHIKI 250g,91.50534702297281,C
CASHEW TIKKA FLAVOUR FLYBERRY,91.55529144499657,C
DRIED CRANBERRY WHOLE KG FLYBERRY,91.60476016085288,C
ORGANIC CURD. 1KG TUB AKSHAYAKALPA,91.65420131095445,C
POMEGRANATE JUICE,91.7031108357861,C
PALLI PEANUT VUNDALU 250g VELLANKI FOODS,91.75194160131852,C
NUVVUNDALU 250g VELLANKI FOODS,91.80029981105545,C
JACK FRUIT SEEDS ANAND,91.84826422429616,C
SUNFLOWER SEEDS KG FLYBERRY,91.89584311076707,C
FREEDOM SUNFLOWER OIL PET 1LT,91.94341372751155,C
AASHIRVAAD ATTA 1KG,91.99089770902687,C
VELLANKI VAM MURKULU 250g,92.0383801153562,C
VELLANKI HEALTHY LADDU 250G,92.08567507455332,C
SUGAR 1 KG,92.13200129436972,C
chinna menthi,92.17824568327418,C
Kashmir Comb Honey 500g BT,92.224319873333,C
MYSORE PAK 250g HARD VELLANKI FOODS,92.27009871601963,C
VELLANKI MILLET MURKULU 250g,92.31572004010779,C
POHA MEDIUM 500g,92.36121239584342,C
AK ORGANIC HIGH PROTEIN PANEER 200g,92.40657775220902,C
FREEDOM SUNFLOWER OIL PET 2LT,92.45137600224038,C
WORKOUT TRAIL MIX KG FLYBERRY,92.4960608782605,C
MOONG GREEN 500g,92.54071322669003,C
BESAN 500g,92.58535596648505,C
TAMARIND 500g,92.62963838248601,C
MOONG DAL1kg,92.67374359006368,C
FLYBERRY STRAWBERRY DEHYDRATED REGULAR,92.7175085574686,C
SUNFLOWER OIL 1Lt COLD PRESSED JIVIKA ORGANICS,92.7609836906523,C
KURNOOL MURMURA 500g,92.80409653105947,C
BELLAM KOMMULU 250g VELLANKI FOODS,92.84680376107552,C
IDLY RAVA1KG,92.88933279817702,C
JAGGERY KESAR 900G,92.93139420193927,C
MILLET MOONG MIX 250g VELLANKI,92.97333352878768,C
GREEK YOGURT BLUEBERRY 90g EPIGAMIA,93.01515471668719,C
MODERN 100% WHOLE WHEAT BREAD 400G,93.05630645054315,C
Akshayakalpa Organic Ghee 490ml,93.09689505540949,C
CHEESE SLICES 200g AMUL 10PC PACK,93.13706060469993,C
VITAMIN D3  WITH IMMUNITY BOOSTERS - 6 EGGS PACK  ABHI EGGS,93.17703882499711,C
NANDA OSMANIA COOKIES 300g,93.21700381373202,C
KOVA KAJJIKAYALU 250g VELLANKI FOODS,93.25654098195344,C
DESI COW GHEE 500ml JIVIKA ORGANICS,93.29588125192673,C
GREEN PEAS SEED PAC,93.33521640254557,C
GREEK YOGURT NATURAL 90g EPIGAMIA,93.37449760304442,C
SHAH JEERA 50g,93.41371973406885,C
MOUSAMBI JUICE,93.45270558719552,C
FLYBERRY MINI MEDJOUL DATES 200g BOX,93.49159692916311,C
MILK SHAKE STRAWBERRY 180ml EPIGAMIA,93.53044889148109,C
PEANUT OIL 1LT COLD PRESSED JIVIKA ORGANICS,93.56904094811154,C
MODERN MILK PLUS BREAD 450g,93.60759362509238,C
WHEAT RAWA MEDIUM 500g,93.64587064452586,C
JAVATRI 50g,93.68414766395932,C
LAL MIRCHI WITH STEM 200G EVR,93.72239317967309,C
MILK SHAKE CHOCOLATE 220ML MILKY MIST,93.76055678571565,C
NATURAL ROCK SALT 1Kg JIVIKA ORGANICS,93.79867628655063,C
GREEK YOGURT 85g  ALPHONSO MANGO  EPIGAMIA,93.83671702808637,C
KHUS KHUS 50G,93.87438366295069,C
SESAME OIL 1Lt COLD PRESSED JIVIKA ORGANICS,93.91159743184434,C
CHIA SEEDS KGS FLYBERRY,93.94832368067566,C
ZUCCHINI YELLOW ENGLISH ITEM SAMBERRY,93.9842436705606,C
BOMBAY RAWA1Kg,94.01981038560878,C
FlyberryMelonSeeds,94.05526782212925,C
MOONG DAL 500G,94.09055198819138,C
ZUCCHIINI GREEN ENGLISH ITEM SAMBERRY,94.12565855203371,C
AKSHAYA MULTI FLORAL RAW HOENY 250g,94.16062768089887,C
GAJANAN TELANGANA SONA RICE 5Kg,94.19536053186627,C
APRICOTS ORANGE TURKISH KG FLYBERRY,94.23008097824406,C
VELLANKI  PESARA MURKULU 250G,94.26422313446713,C
CHEESE SLICE 100G MILKY MIST,94.29834351374394,C
JAGGERY KESAR 450G,94.33221001241965,C
CHEESE SLICES 200g MILKYMIST,94.3657378461086,C
SPICE BUTTER MILK 200ml UHT AKSHAYA KALPA,94.39893489074072,C
GINGER GARLIC PASTE 250G VELLANKI FOODS,94.4318956574751,C
GREEK YOGURT STRAWBERRY 85g EPIGAMIA,94.46473828526061,C
WATERMELON JUICE,94.49722649619952,C
PRM HMT RICE 26KG BAG GAJANAN,94.52955718853993,C
SUNFLOWER OIL 1LT COLD PRESSED MESMARA,94.5616319131578,C
RAGI FLOUR 500G,94.59362394051145,C
Raw Forest Honey 500g BT,94.62559234007533,C
GAJANAN ORANGE PRM HMT RICE 5Kg,94.65743078679546,C
NUTRI+ WITH IMMUNITY BOOSTERS - 6 EGGS PACK ABHI EGGS,94.68918653625138,C
SPECIAL LONG LIFE COW MILK 180ML HERITAGE,94.72021136003065,C
FRIED GRAM PUTANA 250g,94.75103676526422,C
DRY COCONUT 250G EVR,94.78183165126934,C
IMP Orange Juices,94.81254777797523,C
SONA MASURI TELANGANA STEAM RICE 26KG GAJANAN,94.84306700643297,C
INDIAN RAISINSGOLDEN KGS FLYBERRY,94.87349959966156,C
JUJUBIES FLYBERRY,94.90377916357173,C
PANEER 500g MILKY MIST,94.93394397518287,C
MANGO PICKLE 250G VELLANKI FOODS,94.96369530047298,C
PONAGANTI KURA,94.99330218120828,C
CHANA DAL 500g,95.02262033035254,C
GREEK YOGURT WILD RASBERRY 85g EPIGAMIA,95.05180061134347,C
STRAWBERRY FLAVOURED MILK 180ML HERITAGE,95.08068952230684,C
DISCO PUMPKIN,95.10924705351863,C
TABLE BUTTER 100g HERITAGE,95.13771066426607,C
JAGGERY POWDER 500g JIVIKA ORGANICS,95.16614277129382,C
NANDA MUFFIN VANILLA 240g,95.19444492547781,C
GAJANAN ORANGE PRM HMT RAW RICE 5Kg,95.22256199530858,C
DALCHINI 50g,95.2504427872416,C
PISTA FLAVOURED MILK 200ML HERITAGE,95.27832357917461,C
BROWN CHANA 500g,95.3059680932099,C
CORIANDER 200g,95.33331725987301,C
PINE APPLE JUICE,95.36048921811283,C
GREEK YOGURT ALPHONSO MANGO SMOOTHIE 180ml EPIGAMIA,95.3875824170534,C
JIVIKA RED CHILLI POWDER 200GMS,95.41436057879697,C
PASUPU KOMMULU,95.44111129292477,C
AFGHANI RAISINS KGS FLYBERRY,95.46721267600994,C
L G HING 50g,95.49321505865595,C
BLACK PEPPER WHOLE 50G,95.51920562740708,C
VELLANKI MILLET BOONDI ACTHU 250g,95.54492053861084,C
GINGER PICKLE 250G VELLANKI FOODS,95.5706354498146,C
CURD CUP 200G HERITAGE,95.59633067119356,C
MINI MEDJOUL FLYBERRY loose kgs,95.62199769674338,C
RICE FLOUR 500G,95.64757477917347,C
SOYA CHUNKS MEDIUM 200G EVR,95.67311248195392,C
OUTSIDE YELLOW MELON Kg,95.69851865670465,C
NANDA MUFFIN FRUIT 240g,95.72382894200854,C
CHOCOLATE MILK SHAKE 180ML HERITAGE,95.74912642892629,C
CHEESE SLICES 100g AMUL 5PC PACK,95.7743884741594,C
AASHIRVAD MULITGRAIN ATTA 1KG,95.7995560082334,C
PLAIN BUTTER MILK 200ML UHT AKSHAYA KALPA,95.82448332644469,C
PANASA POTTU,95.8490562278094,C
VELLANKI AVISELA  CHIKKI 250G,95.8736291291741,C
CLOVES 50g,95.89808389158993,C
RICE RAVA IDLY BATTER 1KG ID FRESH,95.92240082523207,C
COOKING BUTTER 100G MILKY MIST,95.94658682153924,C
GREEK YOGURT BLUEBERRY SMOOTHIE 180ml EPIGAMIA,95.97021461131298,C
DOSE WITH IMMUNITY BOOSTERS - 6 EGGS PACK ABHI EGGS,95.99384240108672,C
FRUIT N NUT 150g DARK CHOCOLATE AMUL,96.01739143156124,C
AASHIRVAD SELECT ATTA 1KG,96.04092471017589,C
PASTEURISED BUTTER 100g AMUL,96.06437135356137,C
POOJA GINGELLY OIL 1LTR,96.08776286543738,C
Banana Stem,96.1110598661543,C
MODERN SANDWICH SUPREME BREAD 400g,96.13401820188446,C
MILK SHAKE STRAWBERRY 180ML MILKY MIST,96.1568111430862,C
RED CHERRY FLYBERRY,96.17953765081903,C
COOKING UNSALTED BUTTER 500g MILKY MIST,96.20190529180485,C
KARAN PHOOL 50g,96.2239972752433,C
GREEN PEAS BATANI 500G EVR,96.24608925868175,C
PREMIUM SANDWICH BREAD 400g SPENCERS AKSHAYA FOODS ENGLISH RECIPE,96.26796465404728,C
Raw Forest Honey 1000g BT,96.28979673179823,C
BROWN EGGS 6PC UPF HEALTHY U N V,96.31162880954916,C
COW GHEE 200ml JAR AMUL HIGH AROMA,96.3330229855963,C
ENG ITEM CHINESE CABBAGE SAMBERRY,96.35404781990964,C
MODERN HI FIBER  BROWN BREAD 400g,96.37505686298347,C
KARAM GAVVALU 250G VELLANKI FOODS,96.39606590605729,C
CHANA DAL 250g VELLANKI FOODS,96.41674022210933,C
SOYA CHUNKS SMALL 200G EVR,96.43740626843493,C
THREE MANGO MIRCHI  PWD 500G,96.45800970111763,C
OMANI SEEDLESS 250g FLYBERRY,96.47853043653613,C
BUTTER GARLIC N HERBS 100g AMUL,96.49904368982122,C
GREEK YOGURT STRAWBERRY SMOOTHIE 180ml EPIGAMIA,96.51952110762512,C
Tulsi Infused Honey 250g BT,96.53993551798965,C
MUSK MELON - LOCAL,96.56015035228988,C
COOKING BUTTER 500g HERITAGE,96.58031273289681,C
LAKSHMAN FRUIT ANAND,96.6004434916451,C
WHITE LOBIYA 500g,96.62027114523023,C
URAD DAL UNPOLISHED 500g,96.63976407179358,C
FLYBERRY KNOCKOUT KALMI DATES 400g,96.65921368074233,C
RED RAJMA 500g,96.67850970905756,C
FRUIT YOGHURT BB 100g MILKYMIST,96.69753007982543,C
MUSTARD OIL 1Lt. MESMARA,96.71640080792473,C
TIL 100G,96.73512583132042,C
BROWN RICE 5kg,96.75379178524169,C
CHAT MURMURA 500 GM,96.7722214612652,C
NATURAL THICK CURD  POUCH 400 GMS ID FRESH,96.79050149462016,C
GREEK YOGURT VANILLA BEAN 90g EPIGAMIA,96.80869489274595,C
FRUIT YOGURT 75g STRAWBERRY EPIGAMIA,96.8264748045507,C
AKSHAYA KALPA ORGANIC COW GHEE 195ml,96.84418777095108,C
JOWAR FLOUR 500g,96.86171171503328,C
TABLE BUTTER CHIPLITE MILKY MIST,96.87918659207205,C
TATA SALT 1KG,96.89642897165945,C
MODERN CHOCO CHEER CAKE 120g,96.91365756836946,C
MOZZARELLA CHEESE 200g MILKY MIST,96.93086647525467,C
MASOOR DAL 500g,96.94803600249027,C
SET CURD 400g MILKY MIST,96.96518583990105,C
BROWN RICE HMT 1kg,96.98225691801258,C
CHERRY TOMATO KG RED SAMBERRY,96.99928664749201,C
FRESH CREAM 250ml UHT MILKY MIST,97.01629865612911,C
PERSIMMON FRUIT,97.03322517154687,C
AASHIRVAD ATTA 2KG,97.0501190412351,C
AJWAIN 100g,97.06693415162408,C
RED LOBIYA 500g,97.08374926201307,C
CONTINENTAL XTRA INSTANT SOUTH BLEND COFFEE 150g POUCH,97.10051711682252,C
KARAM SAKINALU 250g  VELLANKI FOODS,97.11723377808744,C
SOAN PATTI 250g VELLANKI FOODS,97.13395043935236,C
ALMOND DRAGES KG LOOSE FLYBERRY,97.15063079258034,C
YOGHURT STRAWBERRY MILKYMIST,97.16728838437085,C
THUMS UP 250ML,97.1839065965117,C
CHEESE BLOCK 200G HERITAGE,97.20051299475769,C
MILK CHOCOLATE SMOOTH N CREAMY 150g AMUL,97.21689492900082,C
CHANA DAL 1Kg,97.23309177889072,C
SABUDANA 250g,97.24927681488575,C
CARROT JUICE,97.26526495263265,C
INSIDE YELLOW MELON Kg,97.28120874889407,C
NATURAL BROWN SUGAR 1Kg JIVIKA ORGANICS,97.2970787476921,C
SUGAR FREE DARK CHOCOLATE 150g AMUL,97.31283060754127,C
MUSK MELON JUICE,97.32858246739043,C
YOGHURT  MANGO MILKYMIST,97.34429494758999,C
VAAKKAI,97.35996288940581,C
SUGAR 2 KG,97.37555723065648,C
Raw Neem Honey 500g BT,97.39115157190716,C
MISHTI DAHI 80g  EPIGAMIA,97.40658839455934,C
POOJA OIL 500ML,97.42191495419257,C
SINGLE POLISH RICE 1Kg,97.43703673964778,C
ONION WHITE,97.45199533583492,C
Raw Jamun Honey 1000g BT,97.46688084339239,C
ARTISANAL ORGANIC SET CURD 400g AKSHAYAKALPA,97.48168759165061,C
PROSO MILLET VARIGALU 500g,97.4964549602592,C
BANANA CASHEWNUT LOAF 350g KALSAN FOODS,97.5112223288678,C
DARK CHOCOLATE 150g BEST WISHES AMUL,97.52593456596692,C
FlyberryMacadamia,97.5406192373113,C
BUTTER SCHOOL PACK 100g AMUL,97.55522908732141,C
MODERN FRUIT & NUT CAKE 140g,97.56964203908339,C
INDIAN RAISINS GREEN FLYBERRY,97.58395102857038,C
COOKING BUTTER 200G HERITAGE,97.59824584138349,C
FRUIT YOGURT 75g ALPHONSO MANGO EPIGAMIA,97.61244220507255,C
TOP MILLET ANDU KORRALU 500G,97.62661887893681,C
Ginger Imbued Honey 250g BT,97.64079555280105,C
BOMBAY RAWA 500g,97.65487377754125,C
SRI LALITHA HMT RICE 10KG,97.66889293280701,C
PLUMS LOCAL BOX ANAND,97.682888460283,C
BUTTER MILK PLAIN 200ml POUCH AKSHAYA KALPA,97.69675009695025,C
DEHYDRATED MANGO KG FLYBERRY,97.71054281923068,C
HULLED WHITE SESAME OIL 1Lt. MESMARA,97.7243256965987,C
KINLEY SODA 750ML,97.73795105536823,C
JEERA 100g,97.75126137694077,C
BUTTER UNSALTED 500G AMUL,97.7644496215995,C
JAGGERY MINI CUBES 500G EVR,97.77758273474872,C
COOKING BUTTER UNSALTED 200g MILKY MIST,97.79071190993301,C
BUTTER MILK SPICED 200ml POUCH AKSHAYA KALPA,97.80378595360781,C
RICE RAWA 500g,97.81685999728262,C
DRY CHURRA KG FLYBERRY,97.8298942675113,C
MILK SHAKE VANILA 180ml EPIGAMIA,97.84281079258761,C
METHI 100G,97.85570762783912,C
UHT BUTTER MILK 180ML MILKY MIST,97.8685453936162,C
GEMS KG FLYBERRY,97.88135165567357,C
Ginger Imbued Honey 500g BT,97.89411066215139,C
RAGULU 500g,97.90686966862921,C
SAFFLOWER OIL 1Lt. COLD PRESSED MESMARA,97.91962867510703,C
Vakai Box,97.93223016298637,C
JIVIKA RED CHILLI POWDER 500GMS,97.94480014714601,C
SABJA SEEDS KG FLYBERRY,97.95733957269753,C
FlyberryHazelnut,97.96984969978975,C
Raw Jamun Honey 500g BT,97.98232517279028,C
FRUIT BASKET 350 RAJU,97.9947297624215,C
FRESH CREAM 250ML AMUL,98.00694139176956,C
NAGPUR ORANGE JUICE,98.01910970350305,C
JIVIKA FOREST HONEY250ml,98.0312386355869,C
GAJANAN TELANGANA SONA RICE 1Kg,98.04334787784596,C
XTRA 50gm POUCH  CONTINENTAL,98.05541695286239,C
KASURIMETHI 50G,98.06745137378715,C
AMUL BUTTER 500G SALTED,98.07946216692214,C
BANANA FLOWER,98.09144145633742,C
AMUL DARK CHOCOLATE 125G,98.10340460009637,C
YOGHURT PEACH 100GM MILKYMIST,98.1153366339321,C
Raw Neem Honey 1000g BT,98.12724503997808,C
RED BULL CAN 250ml,98.13905893486495,C
AK COUNTRY EGGS 6PC PACK AKSHAYA KALPA,98.15087282975182,C
MODREN FRUITY BREAD 200G,98.1626867246387,C
CHOCOLATE 150G HBD PACK AMUL,98.17450061952557,C
LOW GI RICE 5KG AISHWARYA,98.18631451441246,C
OLIVE OIL 1LTR MESMARA,98.19811659540444,C
NATURAL COW GHEE 500ml JIVIKA ORGANICS,98.20990686250154,C
FLYBERRY KNOCKOUT KALMI DATES 200g,98.22167350180887,C
CARROT N BEETROOT JUICE,98.23325111879801,C
ORGANIC GREEK YOGHURT NATURAL 100g AKSHAYAKALPA,98.24482873578714,C
MUSTARD SMALL 200g,98.25631184161719,C
GONGURA PICKLE 250g VELLANKI FOODS,98.26779100948227,C
GAJANAN ORANGE PRM HMT RAW RICE 1Kg,98.27917172822328,C
VIRGIN COCONUT OIL 200ml AKSHAYA KALPA,98.29055244696431,C
VELLANKI KAKARAKAYA CHIPS 150G,98.3018937860557,C
chintakayalu,98.31316518688938,C
Lotus Stem SAMBERRY,98.32437361966329,C
MINUTE MAID PULPY 250 ML,98.33549837068176,C
FLAX SEEDS KGS FLYBERRY,98.34658200934602,C
AMUL FRUIT N NUT CHOCOLATE ILU 150g,98.35760831124044,C
JIVIKA TURMERIC POWDER 100GMS,98.36847709453636,C
GREEK YOGHURT 100g MILKY MIST,98.3793458778323,C
RAISIN N ALMOND 150G CHOCOLATE AMUL,98.39017528147859,C
IRANIAN DATES 500g ORIGINAL AM ENTERPRISES,98.40095742954534,C
WHITE RAJMA 500g,98.4117080738924,C
WHITE JOWAR 500g,98.42234057929059,C
SUNFLOWER OIL COLDPRESSED 5L MESMARA,98.43293370503915,C
PULIHORA PASTE 250G VELLANKI FOODS,98.44342838166365,C
ALMONDO BAR 35g CHOCOLATE AMUL,98.45390336846336,C
Alubukhar LOOSE KG FLYBERRY,98.46435236469429,C
KINELY WATER 500ml,98.47478797184436,C
CHICOOS SAPOTA JUICE,98.48518419934481,C
WOOD APPLE,98.4955599100478,C
SUGAR CANE PACK,98.50592463382856,C
MASTI BUTTER MILK 200ml AMUL tetra,98.51626179185457,C
IDLI KARAM 100g VELLANKI FOODS,98.52643749331713,C
YOGURT MANGO 90g AKSHAYA KALPA,98.53659744291986,C
COOKING BUTTER 100g AMUL UNSALTED,98.54667075729338,C
BANANAS 30g FLYBERRY GOURMET,98.5567046920173,C
DIAMOND MISRI 200G,98.56662836372229,C
NUTMEG 50G,98.57639451682877,C
LITTLE MILLET SAMELU 500g,98.58612129028562,C
ROMAIN LETTUCE KG ENGISH ITEM SAMBERRY,98.59584314128628,C
MUSTARD BIG 200g,98.60545177579428,C
DABBAKAI,98.61496196117821,C
I.Orange Pack of 4,98.62444064284244,C
MANGO GINGER,98.63390522659212,C
COLD PRESSED SUN DRIED COCONUT OIL 1LT MESMARA,98.64334059064177,C
FLAX SEED OIL 1L MESMARA,98.65277595469142,C
BITTER CHOCOLATE 150g AMUL,98.66214831130168,C
SPRITE PET  250ML,98.67144190861268,C
GREEK YOGURT MIXED BERRY ZERO ADDED SUGAR 120g EPIGAMIA,98.68065674662444,C
MILK SHAKE VANILLA 180ML MILKY MIST,98.68979282533697,C
RED CHILLI PICKLE 250G VELLANKI FOODS,98.69883045492543,C
CHIKKUDU SEED PACK,98.70782862610496,C
FRESH PANEER BLOCK 200g AMUL,98.71680718621899,C
SKYR YOGHURT 100g MILKYMIST,98.725785746333,C
HIMALAYAN HONEY 500g APIS,98.73474461662222,C
MAIDA 1 KG,98.74370348691144,C
MAGAYA PICKLE 250GMS VELLANKI FOODS,98.75264266737584,C
EGGS 6PC UPF HEALTHY WHITE U N V,98.76140463941694,C
WHITE PAV 200g SPENCERS AKSHAYA FOODS,98.77014692163321,C
DERI DATES KG FLYBERRY,98.77887266439667,C
AASHIRVAD CORIANDER PWD 100G,98.78755863371399,C
FlyberryCashew180,98.79623790849088,C
XTRA 200g JAR CONTINENTAL,98.80490143140793,C
SET CURD 200g MILKY MIST,98.8134783190958,C
COFFEE XTRA 100g JAR INSTANT SOUTH BLEND CONTINENTAL,98.82203945492381,C
GREEK YOGURT STRAWBERRY ZERO ADD SUGAR 120g EPIGAMIA,98.830584838892,C
RAW HONEY 950G BT ROYAL BEE PON,98.83909084321054,C
ORGANIC- CHEESE SLICES AKSHAYAKALPA,98.84759684752909,C
AASHIRVAAD SALT 1KG,98.85610285184764,C
PRM BROWN BREAD 400g MR BREADY NANDAS,98.86454978669175,C
BELGIAN CHOCOLATE 125g AMUL,98.87298490764098,C
WATER APPLE BOX,98.88140821469533,C
COPRA POWDER 100G EVR,98.8898226613285,C
CHICKEN BONE LESS PICKLE 250g VELLANKI FOODS,98.89819083687337,C
XTRA SACHET 2.3G CONTINENTAL,98.90650781887372,C
KODO MILLET ARIKALU 500G,98.91477754529454,C
TABLE BUTTER 500G HERITAGE,98.92302758189054,C
BIRYANI LEAFS 50G,98.93119885918729,C
ALMONDO 200g CHOCOLATE AMUL,98.93935044665923,C
CHEESE SLICES 100g HERITAGE,98.94750203413119,C
CHEESE EASY OPEN CHIPLET CUBES 60X8X25g AMUL,98.95547641317982,C
NANDA CREAM BUN VANILLA 60g,98.96339172275403,C
FRUIT BASKET 200 SADGURU,98.9712676526786,C
DARK CHOCOLATE 150g AMUL,98.97914358260319,C
BITTER CHOCOLATE 150g 90% BITTER AMUL,98.98701951252778,C
ELEPHANT SEEDLESS HONEY DATES400G+10,98.99485606280274,C
FRUIT BREAD 200g SML SPENCERS AKSHAYA NANDA,99.00265323342808,C
MODERN BANANA PUDDING  CAKE 140g,99.0104504040534,C
APPLE JUICE,99.01824757467875,C
POOJA PATRI PACK,99.02591479246034,C
GUAVA Local,99.0335581067946,C
VELLANIKI BITTER GOURD PAKODA 150G,99.04118988289152,C
CHEESE SLICES 200g HERITAGE,99.04880984509354,C
DEHYDRATED PINEAPPLE KG FLYBERRY,99.05638018893704,C
YELLOW JOWAR 500g,99.06394108166465,C
CHERUKU GADDALU,99.07150197439225,C
TABLE BUTTER SALTED 200G MILKY MIST,99.07896441799579,C
MODERN WOW PAV 200g,99.08640717177451,C
BAJRA FLOUR 500G,99.09366484120002,C
MALGUDI FILTER COFFEE 500g 60 DEGREE CONTINENTAL,99.10075317813215,C
RUMANI MANGO KG LOOSE,99.10779807931074,C
FLYBERRY SPICE OKRA CHIPS 25g,99.11481553287354,C
KINLEY WATER 1Lt,99.1218251105064,C
BAILLEY WATER  500ML,99.12870119112708,C
AMLA PICKLE 250GMS VELLANKI FOODS,99.13555325016146,C
TABLE BUTTER SALTED 100g MILKY MIST,99.14231867396668,C
MANGO MAGAYA  250g AHA,99.14901321440259,C
BARNYARD MILLET UDALU 500G,99.15570775483847,C
COW GHEE 500ml PET JAR MILKYMIST,99.16237079155466,C
Raw Pappaya,99.16898208341127,C
SRI LALITHA HMT RICE 26KG,99.17555848489829,C
GHEE 200ML PET JAR MILKY MIST,99.18205612708607,C
PALLI GROUND NUT KARAM 100g VELLANKI FOODS,99.18846713404467,C
JIVIKA COLD PRESSED SAFFLOWER OIL 1LTR,99.19484659790395,C
simla mirchi bajji,99.20119050193959,C
IDLY RICE  1Kg,99.20753062552889,C
GINGER PICKLE 250g AHA,99.21383136946855,C
MALGUDI COFFEE 500g 80 DEGREE CONTINENTAL,99.22012423747829,C
DATES POWDER 180g FLYBERRY,99.22640922955812,C
JIVIKA NATURALS PEANUT BUTTER500GMS,99.23269422163793,C
CHEESE BLOCK 200G MILKY MIST,99.23887682662873,C
FLYBERRY CASHEW 4 PIECE,99.24504371913933,C
PAPPAYA JUICE,99.25114756483087,C
VELLANLI RAGI RIBBON PAKODI 150G,99.25717265122319,C
GREEK CEREALS YOGHURT 100g MILKY MIST,99.26315835796586,C
TEENDA,99.26907227560729,C
AASHIRVAD CHILLI PWD 200G,99.27497922305072,C
CASHEW 320 COUNT 250 GM,99.28088617049417,C
NANDA CRM BUN CHOCOLATE 60g,99.28673404846316,C
AASHIRVAAD CRYSTAL SALT 1KG,99.29253860881758,C
GULAB JAM MIX 200g MILKY MIST,99.29832741731215,C
MANGO AVAKAYA 250g  AHA,99.30411622580671,C
RED BANTHI POOLU KGS LOOSE,99.30983151249542,C
YELLOW BANTHI POOLU KGS LOOSE,99.31553931705072,C
GONGURA PICKLE 250g  AHA,99.32120998659643,C
TOMATO PICKLE  250g AHA,99.32688065614212,C
SOYAKURA,99.33239995031467,C
COLD PRESSED WHITE SESAME OIL 500ML MESMARA,99.33791310126188,C
PGB SOYA CHUNKS SMALL 200G,99.34342625220908,C
AASHIRVAD TURMERIC PWD 100G,99.3489394031563,C
SAMBAR PODI 100g VELLANKI FOODS,99.3544210503838,C
CHEESE CUBES 120g MILKY MIST,99.35982787627702,C
NANDA CRM BUN PINEAPPLE 60g,99.36520319845056,C
GAJANAN ORANGE PRM HMT RICE 1Kg,99.37055883079927,C
LASSI BLUBERRY 180ml MILKYMIST,99.37589477332318,C
SWEET ALMOND OIL100ML MESMARA,99.38119921212738,C
FRUIT BASKET 250 RAJU,99.38643670552723,C
CHAMANTHI FLOWERS POOLU KG LOOSE,99.39159098972743,C
gangavyalukura,99.39660374346688,C
FRUIT BOWL NRG,99.40156557931937,C
PGB SOYA CHUNKS 200G MEDIUM,99.40652741517185,C
ENG ITEM CELERY SAMBERRRY,99.41147861851894,C
FlyberryPrunes,99.4164228910477,C
AASHIRVAD CHILLI PWD 500G,99.42134534725056,C
BAILLEY  WATER 1LTR,99.42620479601403,C
KARIVEPAKU KARAM 100g VELLANKI FOODS,99.43102486512787,C
DEHYDRATED KIWI KG FLYBERRY,99.43580760233388,C
YELLOW MELON,99.44057261869754,C
LIME PICKLE 250g VELLANKI FOODS,99.44533755630192,C
YELLOW DRAGON KG LOOSE,99.45008863226963,C
MAIDA 500g,99.45481419022437,C
PREMIUM FREEZE DIRED COFFEE 50gm JAR CONTINENTAL,99.45953974817913,C
MILK SHAKE STRAWBERRY 180ML HERITAGE,99.46426530613387,C
CRUNCHY BANANA CHIPS 250g FLYBERRY,99.46897511222878,C
CONTINENTAL XTRA 50g JAR PLUS 25g JAR FREE SOUTH BLEND,99.47367586100427,C
MANGO JUICE,99.47836203930939,C
TOMATO PICKLE 250G VELLANKI FOODS,99.48304821761451,C
RED RICE 1KG,99.4877068301649,C
CHEESE CUBES 120g HERITAGE,99.49234713117822,C
MAREDUKAYA KG LOOSE,99.49698109206795,C
PANDUMIRAPAKAYA 250g PICKLE AHA,99.50158851107382,C
DRY COCONUT KG FLYBERRY,99.50616757673198,C
AMUL PROCESSED CHEESE BLOCK200g,99.5107391602567,C
BANANAJUICE,99.51526781996334,C
CHOWCHOW,99.51976473967238,C
RAW HONEY 500g BT ROYAL BEE PON,99.5242540197294,C
MALGUDI COFFEE 200g 60 DEGREES CONTINENTAL,99.5286920274826,C
CRUNCHY BANANA CHIPS 100g FLYBERRY,99.53312223806518,C
LASSI 200ml MILKY MIST UHT ROSE,99.53753275882295,C
AMLA CANDY KG FLYBERRY,99.54190909804484,C
KISMIS GREEN 250g,99.54628023915298,C
NATURAL THICK CURD CUP 400g ID FRESH,99.55061200061151,C
JIVIKA CORIANDER POWDER 100GMS,99.55494376207002,C
POMEGRANATE SEEDS,99.55923220591396,C
Tulsi Infused Honey 500g BT,99.56348520807323,C
KNOOL COOL,99.56773112189558,C
STAR FRUIT,99.57193686847529,C
MILLET IDLY RAWA 500GMS SRI AHARYA,99.57614261505503,C
POKCHOY LEAF SAMBERRY,99.58032103215791,C
KANDI KARAM 100g  VELLANKI FOODS,99.58447952315808,C
MANGO AVAKAYA pPICKLE 500g AHA,99.5886143863685,C
URAD BLACK WHOLE 500G,99.59263111063004,C
GINGER PICKLE 500g AHA,99.59656907559233,C
MALGUDI COFFEE 200g 80 DEGREES CONTINENTAL,99.60050704055462,C
MANGO MAGAYA 500g AHA,99.60444500551691,C
BUFFALO GHEE 500ml JIVIKA ORGANICS,99.60837509454927,C
LOTUS TANGO 20G,99.61226462254253,C
Beetroot Juice,99.61612382820557,C
ALMOND MILK 1Lt UNSWEETENED EPIGAMIA,99.61996334404381,C
AKSHAYAKALPA UNSALTED TABLE BUTTER 100g TUB ORGANIC,99.6237437904076,C
MULTIGRAIN HEALTH MIX 500GMS SRI AHARYA,99.62750060898163,C
THIS CREAMY COFFEE MOCHA 22g CONTINENETAL,99.63124167569582,C
ROSE FLOWER POOLU KG LOOSE,99.6349537196082,C
URAD BLACK SPLIT 500g,99.63863571684796,C
CINNAMON DALCHINI KG FLYBERRY,99.64228699796098,C
ELEPHANT SEEDED DATES 400G(CUPS) (1+1 OFFER),99.6459099257263,C
AJWA DATES KGS FLYBERRY LOOSE KGS,99.64951532954753,C
MUKHWAS TINIMINI KG FLYBERRY,99.65308730004622,C
CHEDDAR CHEESE 200g MILKY MIST,99.65663146851227,C
AMLA PICKLE  250g AHA,99.66017563697834,C
FRUIT BASKET 300 SADGURU,99.6637198054444,C
ALMOND REGULAR  250 GM,99.66726397391047,C
MULAGAKU KARAM 100g VELLANKI FOODS,99.67076088679698,C
GONGURA PANDU MIRAPAKAYA PICKLE  500g AHA,99.67420656675932,C
SHRIKAND MANGO 100g MILKY MIST,99.67757352680209,C
PRM CHITTIMUTYALU RICE 1KG GAJANAN,99.68092079702004,C
FRUIT BASKET 170 SADGURU,99.68426806723798,C
SAMBAR ONION CHENNAI,99.68760242093086,C
CHEESE CUBES 200g MILKY MIST,99.69093000132399,C
KOTHIMEERA CORIANDER KARAM 100g VELLANKI FOODS,99.69425364375216,C
KURA KARAM 100g VELLANKI FOODS,99.69756153432049,C
MASTI BUTTER MILK 1Lt AMUL,99.70086942488881,C
SRI LALITHA BROWN RICE 5KG SONAMASOORI,99.70413793580751,C
LEMON PICKLE  250g AHA,99.7073867569014,C
GONGURA PANDU MIRAPAKAYA PICKLE 250g  AHA,99.71057650852086,C
TAMARIND PICKLE 250g AHA,99.71376626014032,C
VINAYAKA VIGRAHAM 8 INCH,99.7169205700751,C
BASIL LEAF KG ENGLISH ITEM SAMBERRY,99.72002754567106,C
COCONUT KARAM 100G  VELLANKI FOODS,99.72306765462196,C
YELLOW JOWAR SORGHUM RAWA 500G SRI AHARYA,99.72606050799328,C
TOFU PANEER 200g SAI RATNA FOODS,99.72901595069749,C
SPECIALE COFFEE 200g JAR CONTINENTAL,99.73196548645424,C
JEERA PAPAD 200G EVR,99.73491108424604,C
AMERI DATES KG FLYBERRY,99.73784849107072,C
RASAM PODI 100g VELLANKI FOODS,99.74071532956327,C
LOW GI RICE 1Kg AISHWARYA,99.74355066433613,C
KEERA JUICE,99.74638599910897,C
FOXTAIL MILLET KORRALU BIYYAM 500g,99.74922133388182,C
CHEESE SPREAD GARLI 200g MILKY MIST,99.75203697882986,C
GARAM MASALA 100g VELLANKI FOODS,99.75482505802316,C
BAMBINO ROASTED VERMICELLI 800G,99.7575895094267,C
AMLA PICKLE  500g AHA,99.76034608490029,C
Apple Milk Shake,99.76310266037389,C
FILTER COFFEE 150ML ID FRESH,99.7658592358475,C
POTATO CHIPS 200G EVR,99.76853705202186,C
FRUIT BASKET 200,99.77119517837141,C
IDLY RAWA 500g,99.77381392507134,C
COCONUT SLICE KGS FLYBERRY,99.77640140432945,C
GREEK HONEY AND FIG YOGHURT 100g MILKY MIST,99.7789217019053,C
IDLY KARAM FLYBERRY,99.78140655779652,C
MODERN BURGER BUN,99.78388747572276,C
SHRIKAND ELAICHI 100g MILKY MIST,99.786368393649,C
HEKTAPY HEALTHY DEL RAGI 125G,99.78882962175044,C
HEKATPY QUINO COOKIES 125g,99.79129084985186,C
HEKTAPY MULTI MILLET S.N,99.7937520779533,C
MILLETS UPMA RAWA 500GMS SRI AHARYA,99.7962054301248,C
IMLI POP KG FLYBERRY,99.79864759847584,C
FRUIT BASKET 120 SADGURU,99.80101037745321,C
SRI LALITHA IDLY RAVA 1KG,99.80337315643058,C
THUMS UP 1Lt PET BOTTLE,99.80573593540795,C
DRIED BLACKBERRY KG FLYBERRY,99.8080908384554,C
LOTUS KAJOOS 13.5 G,99.8104201447306,C
VINAYAKA VIGRAHAM 12 INCH,99.81274354405835,C
PERI PERI CASHEW FLYBERRY,99.81500826770817,C
ELEPHANT FOREST HONEY 250G 1+1,99.81727102237551,C
THAI RED CHILLI KG ENGLISH ITEM SAMBERRY,99.81948305605411,C
Mango Juices,99.821688316433,C
AMUL CHEESE SPREAD PLAIN 200g,99.82386994902211,C
SPROUTED RAGI FLOUR 500GMS SRI AHARYA,99.8260437056813,C
CHEESE SPREAD 200g AMUL,99.82820958641055,C
FILTER COFFEE 150ML NEW BOLD ID FRESH,99.8303360874902,C
CUMIN JEERA KG FLYBERRY,99.83241612058328,C
TOMATO PICKLE  500g AHA,99.83448355218847,C
PANDU MIRAPAKAI PICKLE 500g AHA,99.83655098379369,C
GONGURA PICKLE 500g  AHA,99.83861841539888,C
CHAKKI ATTA GODHUMA PINDI 1Kg,99.84066615717929,C
STRAWBERRY LOCAL ANAND BOX,99.84270602302975,C
VANILLA FLAVOURED MIILK 180ML HERITAGE,99.84471438516051,C
BABY CORN PEELED SAMBERRY,99.8467106183592,C
MAAZA 600ML,99.8486953527002,C
ROASTED CHANA 200G,99.85066433518134,C
HEKATPY BUCK WHEAT COOKIES 125g,99.85263331766248,C
BANANA LEAF,99.85460230014364,C
POMEGRANATE CANE,99.85657128262478,C
HAZELNUT CHOCOLATE SPREAD 200g,99.85853632714097,C
HIMALAYAN HONEY 225g APIS,99.8604856197973,C
CORN FLAKES 200G EVR,99.86241522262883,C
FRESH DATES YELLOW BOX ANAND,99.86434206888487,C
WHITE JOWAR SORGHUM RAWA 500GMS SRI AHARYA,99.86624410596167,C
SPRITE 600ML,99.86813432914357,C
WHEELS PAPAD 200g EVR,99.87002455232546,C
NALLA KARAM 250g AHA,99.87191477550736,C
MILLET DOSA BATTER 1Kg DSL,99.87380499868927,C
BAT PAPAD 200G EVR,99.87568892112722,C
FINGER CHIPS PAPAD 200G EVR,99.87757284356516,C
BANANA TREE,99.87943156302737,C
PLAIN CUP PAPAD 200G EVR,99.88127453062972,C
TUTTI FRUITY KG FLYBERRY,99.88311726195418,C
AASHIRVAD CORIANDER PWD 200G,99.88492872583684,C
NARINJAAKAYA KG LOOSE,99.88673881143175,C
LEMON PICKLE 500g  AHA,99.88851089566478,C
TNS DATES 200g,99.89028297989782,C
DAMPUDU BIYYAM 1Kg AISHWARYA,99.89203537430603,C
IGURU KARAM 100g VELLANKI FOODS,99.89378383074929,C
APPLE MILKSHAKES,99.89551653533269,C
TATA IODISED CRYSTAL SALT 1KG,99.8972492399161,C
NALLA KARAM 100g VELLANKI FOODS,99.89895831670974,C
TRIANGLE PAPAD 200G EVR,99.90065951757346,C
CALIFORNIA BLACK seedless GRAPES,99.90234173744604,C
BAMBINO ROASTED VERMICELI 500G,99.90399568273021,C
APPLE BARE,99.90562328302876,C
RED CHILLI PAPAD 200G EVR,99.90722997273338,C
GARLIC PICKLE 250g AHA,99.9088051587183,C
CRUNCHY BANANA CHIPS 65g FLYBERRY,99.91036459284337,C
GOLDEN KIWI FRUIT BIG,99.91192008900347,C
BITTER GAURD KARAM PODI 100g VELLANKI FOODS,99.91344801940883,C
STAR PAPAD 200G EVR,99.91496019795434,C
SRI DIVYA DEEPARDHANA OIL 910 ML,99.91645662464002,C
HEKTAPY RAJGIRI COOKIES 125g,99.91793336150089,C
KASOORI METHI PAPAD 200G EVR,99.91941009836174,C
HEKTAPY HEALTHY DEL JOWAR 125G,99.9208868352226,C
SPICE ALMOND DRAGEE KG LOOSE FLYBERRY,99.92235896466445,C
GRAPE JUICE,99.9238160117005,C
THUMS UP  600ml PET BOTTLE,99.92523367908692,C
IDLY RAWA ORANGE 1KG AISHWARYA,99.92665134647335,C
PUTNALU KOBBARIKARAM 250g AHA,99.92806901385978,C
CHEESE SPREAD NATURAL OR PLAIN 200g MILKYMIST,99.92946699142139,C
SMALL AMLA,99.93086158233314,C
CORN FLOUR 200g EVR,99.93220836635024,C
COKE 250ML,99.93354727443742,C
ORANGE DRAGES KG LOOSE FLYBERRY,99.93481640178547,C
ENG ITEM PARSLEY SAMBERRY,99.93607836203728,C
FRUIT BASKET 450 SADGURU,99.93733851082523,C
BAMBINO VERMICELLI 500GM,99.93859078368324,C
red thotakura,99.93981608148124,C
THREE MANGO RAI PWD 500G,99.94103291265459,C
CREAMY COFFEE HAZELNUT 22g CONTINENTAL,99.94221430214327,C
LEMON JUICE,99.94339569163196,C
DRAGAN FRUIT JUICE,99.94457708112066,C
ARTISANAL CURD 400g EPIGAMIA,99.94575847060933,C
THIS IS CARAMEL CREAMY COFFEE22g CONTINENTAL,99.94693986009803,C
LOTUS ECLAIRS  250G,99.94812124958672,C
FLYBERRY CRUNCHY BANANA CHIPS 25g,99.94929082518051,C
THREE MANGO MIRCHI PWD 200G,99.95043283501957,C
THUMMIKURA,99.95153534707006,C
LETTUCE RED ENG ITEM SAMBERRY,99.95261887812944,C
WHOLE WHEAT BREAD 400g MR BREADY NANDAS,99.95370181849407,C
CHIKKUDUKAYA PICKLE 250g AHA,99.95476506903388,C
DRIED DATES YELLOW250 GM,99.95574956027446,C
AKSHYAKALPA ORGANIC TONED MILK UHT 1Lt. TETRA,99.95673405151503,C
ASPARAGUS KG SAMBERRY,99.95771539238363,C
FRUIT BASKET 240 SADGURU,99.95866050397458,C
CHEESE SPREAD PEPPER 200g MILKY MIST,99.95960561556552,C
KARIVEPAKU KARAM 250g AHA,99.96055072715649,C
KOBBARI KARAM 250g AHA,99.96149583874742,C
KANDI KARAM 250GM AHA,99.96244095033838,C
MUNAGAKU KARAM 250g AHA,99.96338606192933,C
FlyberryAlmondRoastedSalted,99.96431542166043,C
CASHEW WITH CHOCO COATED FLYBERRY,99.96523375508963,C
BITTER GUARD PICKLE 250G VELLANKI FOODS,99.96613948703096,C
SAUNF 100gm EVR,99.96702552914748,C
CHEESE SPREAD GARLIC200G AMUL,99.96790763329902,C
TAMARIND PICKLE250G VELLANKI FOODS,99.96877398559073,C
MODERN  CRUST PIZZA BASE 150g,99.96960095823282,C
MARATHI MOGGA 50gms EVR,99.97042793087489,C
AVOCADO JUICE,99.97121552386736,C
WHITE JOWAR RAWA 500g,99.97200311685981,C
AMUL INDIA TWILIGHT TRYST 125g,99.97279070985226,C
BUTTER MILK 170ML HERITAGE SACHET,99.97357830284473,C
AASHIRVAD CHILLI PWD 100G,99.9743658958372,C
IMP ORANGE CANE,99.97515348882965,C
OKRA CHIPS VACUUM FRIED 20g FLYBERRY,99.97592532996225,C
NANDAS Mr BREADRY ZERO MAIDA 450g,99.97663416365546,C
ANJUR JUICE,99.97734299734869,C
MANGO BELLAM AVAKAI 250g AHA,99.9780518310419,C
FREEDOM MUSTARD OIL 1 Lt,99.97875278880518,C
TAMARIND PICKLE 500g AHA,99.97944193267358,C
ROASTED SALTED ALMOND  KGS FLYBERRY,99.98013068274548,C
DEHYDRATED PAPAYA  KGS FLYBERRY,99.98081328959204,C
ROUND CHEKKALU 250g VELLANKI FOODS,99.98144336398602,C
ELEPHANT FOREST HONEY 500G 1+1,99.9820714693975,C
THAMALAPAKULU,99.98268185396665,C
THIS CREAMY CARAMEL 18G CONTINENTAL,99.983272548711,C
THIS IS CAPPUCCINO 22g CONTINENTAL,99.98386324345535,C
CHICKPEAS 50g FLYBERRY GOURMET,99.98444212430479,C
FLYBERRY CRISPY SWEET CORN 12g,99.98502100515425,C
ANJEER BOX PACK ANAND,99.98558807210883,C
JUBJUB GUAVA JUICE,99.98613938720354,C
MASALA KARAM 250g AHA,99.98669070229826,C
FlyberryPeriPeriAlmond,99.98721051367329,C
DEHYDRATED GINGER  KGS FLYBERRY,99.98770776050907,C
THREE MANGO RAI PWD 200G,99.98820394409432,C
HEKATPY PEARL MILLET COOKIE 125g,99.98869618971462,C
HEKTAPY OAT COOKIES  125g,99.9891884353349,C
AKSHAYAKALPA TABLE BUTTER SALTED 100g TUB ORGANIC,99.98968068095519,C
RED SEEDLESS GRAPES,99.99016485374729,C
ORANGE JUICE,99.99063740954277,C
Moosambi Economy,99.9910569209502,C
FLYBERRY SHAHJEERA CARAWAY SEEDS,99.99147017099335,C
POPU SEEDS LOOSE,99.99186396748958,C
SPICED TARO CHIPS 30g FLYBERRY GOURMET,99.99225382602084,C
FLYBERRY SPICED CHICKPEAS CRISP 31g,99.99264368455212,C
ASL  IDLY & DOSA BATTER  1KG,99.99301779122354,C
CUCUMBER WHITE,99.99337535844212,C
DOUBLE BEANS,99.99371181816849,C
IODIZED SALT 1KG PON,99.99402685536548,C
ASH GOURD JUICE,99.99434189256246,C
Snake Gourd Small,99.99465535457347,C
WHEAT GRASS,99.99496251584053,C
koyakura,99.9952580994906,C
IDLI POWDER AKA GUNDPOWDER AKA KARAM PODI PREMIUM KG LOOSE FLYBER,99.99554757929498,C
COCONUT MILK YOGURT-BLUEBERRY EPIGAMIA,99.99582323684233,C
MOONGDAL RICE RAWA 500G AISHWARYA,99.99609889438969,C
BRINTAN TOFU PANEER 200G,99.99637061397209,C
THUMS UP 1.25L,99.99663839558953,C
FRESH CREAM 200ML HERITAGE,99.99689436331207,C
Mango Milk Shake,99.99713064120982,C
WATER MELON PLATE,99.99736691910755,C
VARI NUKA AISHWARYA 500G,99.99760319700529,C
QUINOA SEEDS KGS FLYBERRY,99.99782293545019,C
MILK BREAD 350g SPENCERS GOLDEN CRUST NANDA,99.99803952352312,C
FILTER COFFE STRONG 5 10ml ID FRESH,99.99825611159604,C
CDM CRACKLE 36G,99.99845300984416,C
PARSLEY PACK,99.99864990809228,C
THADKA MIX POPU DINUSULU 200G,99.99883893041046,C
SUN MELON YELLOW,99.99902295151315,C
YELLOW CAULIFLOWER PC,99.99920015993645,C
LETTUCE ROCKET ARUGULA KG ENGLISH ITEM SAMBERRY,99.99934452573197,C
REDCHILLY,99.99947640817855,C
NUVULA KARAM FLYBERRY,99.99960202926084,C
COW MILK 500ml GOLDEN HERITAGE,99.99972410617467,C
HOME DELIVERY CHARGES,99.99984224512353,C
mulagaku,99.99991336477075,C
CARRY BAG SML 1Kg HOLDING CAPACITY,99.99996062035031,C
BRITANNIA MILK BIKIS 71GM,99.99999999999993,C
PHOOL MAKHANA 250g,99.99999999999993,C
TURNIPS KG ENGLISH ITEM SAMBERRY,99.99999999999993,C
