product,total_revenue,total_quantity,revenue_per_unit
A2 BUFFALO MILK 500ml SIDS FARM,174094.0,2913.0,59.76450394782012
AA KAKARAKAI,69293.99,334.16,207.36769810869046
AASHIRVAAD ATTA 1KG,12058.0,167.0,72.20359281437126
AASHIRVAAD CRYSTAL SALT 1KG,1474.0,67.0,22.0
AASHIRVAAD SALT 1KG,2160.0,73.0,29.589041095890412
AASHIRVAD ATTA 2KG,4290.0,39.0,110.0
AASHIRVAD CHILLI PWD 100G,200.0,4.0,50.0
AASHIRVAD CHILLI PWD 200G,1500.0,15.0,100.0
AASHIRVAD CHILLI PWD 500G,1250.0,5.0,250.0
AASHIRVAD CORIANDER PWD 100G,2205.7,48.0,45.95208333333333
AASHIRVAD CORIANDER PWD 200G,460.0,5.0,92.0
AASHIRVAD MULITGRAIN ATTA 1KG,6391.0,77.0,83.0
AASHIRVAD SELECT ATTA 1KG,5976.0,72.0,83.0
AASHIRVAD TURMERIC PWD 100G,1400.0,35.0,40.0
ABC CANE JUICE,20000.0,200.0,100.0
AFGHANI RAISINS KGS FLYBERRY,6628.14,9.61,689.712799167534
AGMARK GHEE 500 ML HERITAGE,16110.0,43.0,374.6511627906977
AJWA DATES KGS FLYBERRY LOOSE KGS,915.55,0.45,2034.5555555555554
AJWAIN 100g,4270.0,61.0,70.0
AK COUNTRY EGGS 6PC PACK AKSHAYA KALPA,3000.0,21.0,142.85714285714286
AK ORGANIC HIGH PROTEIN PANEER 200g,11520.0,68.0,169.41176470588235
AKSHAYA KALPA ORGANIC COW GHEE 195ml,4498.0,14.0,321.2857142857143
AKSHAYA MULTI FLORAL RAW HOENY 250g,8880.0,46.0,193.04347826086956
AKSHAYAKALPA TABLE BUTTER SALTED 100g TUB ORGANIC,125.0,1.0,125.0
AKSHAYAKALPA UNSALTED TABLE BUTTER 100g TUB ORGANIC,960.0,8.0,120.0
AKSHYAKALPA ORGANIC TONED MILK UHT 1Lt. TETRA,250.0,2.0,125.0
ALMOND DRAGES KG LOOSE FLYBERRY,4235.78,2.02,2096.920792079208
ALMOND MILK 1Lt UNSWEETENED EPIGAMIA,975.0,3.0,325.0
ALMOND REGULAR  250 GM,900.0,5.0,180.0
ALMONDO 200g CHOCOLATE AMUL,2070.0,9.0,230.0
ALMONDO BAR 35g CHOCOLATE AMUL,2660.0,76.0,35.0
ALPHONSO LOCAL KG LOOSE,98534.95,463.04,212.80008206634415
ALPHONSO MANGO PC RATNAGIRI,14541.0,105.0,138.4857142857143
AMERI DATES KG FLYBERRY,745.92,0.52,1434.4615384615383
AMLA,92474.63,667.47,138.54499827707613
AMLA CANDY KG FLYBERRY,1111.32,1.79,620.8491620111731
AMLA PICKLE  250g AHA,900.0,10.0,90.0
AMLA PICKLE  500g AHA,700.0,4.0,175.0
AMLA PICKLE 250GMS VELLANKI FOODS,1740.0,14.0,124.28571428571429
AMRUTHA - A2 ORGANIC CURD. 500g AKSHAYAKALPA,13300.0,190.0,70.0
AMUL BUTTER 500G SALTED,3050.0,10.0,305.0
AMUL CHEESE SPREAD PLAIN 200g,554.0,5.0,110.8
AMUL DARK CHOCOLATE 125G,3037.9,18.0,168.77222222222224
AMUL FRUIT N NUT CHOCOLATE ILU 150g,2800.0,14.0,200.0
AMUL INDIA TWILIGHT TRYST 125g,200.0,1.0,200.0
AMUL PROCESSED CHEESE BLOCK200g,1160.9,9.0,128.9888888888889
ANAR,1298240.47,4289.82,302.6328540591447
ANJEER BOX PACK ANAND,144.0,2.0,72.0
ANJUR JUICE,180.0,3.0,60.0
APPLE BARE,413.30999999999995,3.5900000000000003,115.12813370473535
APPLE JUICE,1980.0,11.0,180.0
APPLE MILKSHAKES,440.0,8.0,55.0
APPLE ROYAL GALA,1037085.41,2695.28,384.77835697960876
APRICOTS ORANGE TURKISH KG FLYBERRY,8816.85,5.54,1591.4891696750904
ARTISANAL CURD 400g EPIGAMIA,300.0,3.0,100.0
ARTISANAL ORGANIC SET CURD 400g AKSHAYAKALPA,3760.0,47.0,80.0
ASH GOURD,59776.4,1520.11,39.3237331508904
ASH GOURD JUICE,80.0,2.0,40.0
ASL  IDLY & DOSA BATTER  1KG,95.0,1.0,95.0
ASPARAGUS KG SAMBERRY,249.2,1.3800000000000001,180.5797101449275
AVOCADO IMP SAMBERRY,132425.83,334.06,396.41330898640956
AVOCADO JUICE,200.0,2.0,100.0
AVOCADO LOCAL,13517.87,59.01,229.077613963735
Akshayakalpa Organic Ghee 490ml,10307.0,13.0,792.8461538461538
Alubukhar LOOSE KG FLYBERRY,2653.4,3.35,792.0597014925373
Apple Milk Shake,700.0,7.0,100.0
BABY CORN PEELED,22932.0,588.0,39.0
BABY CORN PEELED SAMBERRY,506.91999999999996,2.67,189.8576779026217
BABY ORANGE,357851.54,1302.95,274.64717755861693
BABY POTATO,25345.3,499.22,50.76980088938744
BACHALAKURA,27139.46,398.01,68.18788472651441
BADAM FLAVOURED MILK 180ML  PP BOTTLE HERITAGE,18420.0,614.0,30.0
BAILLEY  WATER 1LTR,1234.0,62.0,19.903225806451612
BAILLEY WATER  500ML,1746.1,178.0,9.809550561797753
BAJRA FLOUR 500G,1843.0,40.0,46.075
BAMBINO ROASTED VERMICELI 500G,420.0,6.0,70.0
BAMBINO ROASTED VERMICELLI 800G,702.0,6.0,117.0
BAMBINO VERMICELLI 500GM,318.0,6.0,53.0
BANANA CASHEWNUT LOAF 350g KALSAN FOODS,3750.0,25.0,150.0
BANANA CHOCOCHIP LOAF 350g KALSAN FOODS,115200.0,768.0,150.0
BANANA FLOWER,3042.0,117.0,26.0
BANANA LEAF,500.0,100.0,5.0
BANANA TREE,472.0,8.0,59.0
BANANAJUICE,1150.0,23.0,50.0
BANANAS 30g FLYBERRY GOURMET,2548.0,52.0,49.0
BANDARU HALWA 250g VELLANKI FOODS,14355.0,84.0,170.89285714285714
BANGINAPALLI MANGO LOOSE KGS,670243.84,4545.75,147.44406093603914
BARNYARD MILLET UDALU 500G,1700.0,21.0,80.95238095238095
BASIL LEAF KG ENGLISH ITEM SAMBERRY,788.98,2.69,293.3011152416357
BASMATHI RICE 1KG,16940.0,121.0,140.0
BAT PAPAD 200G EVR,478.4,10.0,47.839999999999996
BEAUTY PEARS,273667.21,718.9,380.6749339268327
BEET ROOT,104431.36,2606.34,40.068202920570606
BELGIAN CHOCOLATE 125g AMUL,2142.0,12.0,178.5
BELLAM KOMMULU 250g VELLANKI FOODS,10845.0,79.0,137.27848101265823
BELLAM SUNNIVUNDALU 250g VELLANKI FOODS,14550.0,85.0,171.1764705882353
BESAN 500g,11336.5,167.0,67.88323353293413
BIG BRINJAL BLUE,20074.45,353.14,56.845585320269585
BIRYANI LEAFS 50G,2075.0,83.0,25.0
BITTER CHOCOLATE 150g 90% BITTER AMUL,2000.0,10.0,200.0
BITTER CHOCOLATE 150g AMUL,2380.0,14.0,170.0
BITTER GAURD KARAM PODI 100g VELLANKI FOODS,388.0,6.0,64.66666666666667
BITTER GOURD,42064.89,721.89,58.27049827536051
BITTER GUARD PICKLE 250G VELLANKI FOODS,230.0,2.0,115.0
BLACK GRAPES,24874.17,185.14,134.3533002052501
BLACK PEPPER WHOLE 50G,6600.0,88.0,75.0
BLACK ROUND BRINJAL,43584.51,858.6,50.76229909154438
BLACK SEEDED GRAPES,36073.39,158.4,227.73604797979797
BLUE BERRY,229863.0,768.0,299.30078125
BOMBAY RAWA 500g,3575.0,95.0,37.63157894736842
BOMBAY RAWA1Kg,9031.75,139.0,64.97661870503597
BOONDI 250g VELLANKI FOODS,32914.0,226.0,145.63716814159292
BOONDI LADDU 250g VELLANKI FOODS,39465.0,257.0,153.5603112840467
BOONDI MITAI ATCHU 250g VELLANKI FOODS,25870.0,170.0,152.1764705882353
BOORELU 250g VELLANKI FOODS,15735.0,104.0,151.29807692307693
BOTTLE GOURD,242595.43,6567.0,36.941591289782245
BRINTAN TOFU PANEER 200G,69.0,1.0,69.0
BRITANNIA MILK BIKIS 71GM,10.0,1.0,10.0
BROWN ANJEER BOX TURKEY,41151.0,319.0,129.0
BROWN CHANA 500g,7020.0,108.0,65.0
BROWN EGGS 6PC UPF HEALTHY U N V,5544.0,57.0,97.26315789473684
BROWN RICE 5kg,4740.0,12.0,395.0
BROWN RICE HMT 1kg,4335.0,51.0,85.0
BUFFALO CURD 400g SIDS FARM,28815.0,339.0,85.0
BUFFALO GHEE 250g  VELLANKI FOODS,44775.0,199.0,225.0
BUFFALO GHEE 350g SIDS FARM,18230.0,45.0,405.1111111111111
BUFFALO GHEE 500ml JIVIKA ORGANICS,998.0,2.0,499.0
BUSH BEANS,246068.31,2194.86,112.11116426560235
BUTTER GARLIC N HERBS 100g AMUL,5209.1,76.0,68.54078947368421
BUTTER MILK 170ML HERITAGE SACHET,200.0,20.0,10.0
BUTTER MILK PLAIN 200ml POUCH AKSHAYA KALPA,3520.0,176.0,20.0
BUTTER MILK SPICED 200ml POUCH AKSHAYA KALPA,3320.0,166.0,20.0
BUTTER SCHOOL PACK 100g AMUL,3710.0,50.0,74.2
BUTTER UNSALTED 500G AMUL,3349.0,11.0,304.45454545454544
BUTTON MUSHROOM,168699.54,3457.0,48.79940410760776
Banana Stem,5916.0,204.0,29.0
Banana Yalakki,224911.6,1637.34,137.3640172474868
Beetroot Juice,980.0,14.0,70.0
Black Chilly,253825.32,3193.21,79.48907838820497
CABBAGE,78451.57,3125.76,25.09839846949222
CALIFORINA RED GRAPES,123298.41,288.99,426.6528599605523
CALIFORNIA BLACK seedless GRAPES,427.18,1.22,350.1475409836066
CALIFORNIAN ALMOND PREMIUM KG FLYBERRY,39896.82,22.2,1797.154054054054
CALIFORNIAN ALMOND REGULAR KG  FLYBERRY,19940.55,18.98,1050.6085353003161
CAPSICUM,137833.5,1889.74,72.93781155079535
CAPSICUM RED SAMBERRY,58228.08,174.75,333.20789699570815
CAPSICUM YELLOW SAMBERRY,66726.47,197.74,337.44548396884795
CARROT,410615.81,6576.82,62.43379171088763
CARROT JUICE,4060.0,58.0,70.0
CARROT N BEETROOT JUICE,2940.0,42.0,70.0
CARRY BAG 8Kg HOLDING CAPACITY,40185.6,3350.0,11.995701492537313
CARRY BAG MEDIUM 5Kg HOLDING CAPACITY,53298.0,8949.0,5.955749245725779
CARRY BAG SML 1Kg HOLDING CAPACITY,12.0,4.0,3.0
CASHEW 320 COUNT 250 GM,1500.0,5.0,300.0
CASHEW 320 KG FLYBERRY,34506.9,29.98,1150.9973315543696
CASHEW BROKEN 2 PIECE  KGSFLYBERRY,25410.0,23.45,1083.5820895522388
CASHEW TIKKA FLAVOUR FLYBERRY,12682.8,7.05,1798.9787234042553
CASHEW WITH CHOCO COATED FLYBERRY,233.2,0.21000000000000002,1110.4761904761904
CAULIFLOWER,127826.1,3671.0,34.82051212203759
CDM CRACKLE 36G,50.0,1.0,50.0
CHAKKI ATTA GODHUMA PINDI 1Kg,520.0,8.0,65.0
CHAMA DUMPA,38453.09,859.72,44.72745777695063
CHAMANTHI FLOWERS POOLU KG LOOSE,1308.87,3.0,436.28999999999996
CHANA DAL 1Kg,4113.0,32.0,128.53125
CHANA DAL 250g VELLANKI FOODS,5250.0,40.0,131.25
CHANA DAL 500g,7445.0,115.0,64.73913043478261
CHAT MURMURA 500 GM,4680.0,74.0,63.24324324324324
CHEDDAR CHEESE 200g MILKY MIST,900.0,6.0,150.0
CHEESE BLOCK 200G HERITAGE,4217.0,32.0,131.78125
CHEESE BLOCK 200G MILKY MIST,1570.0,11.0,142.72727272727272
CHEESE CUBES 120g HERITAGE,1178.35,13.0,90.64230769230768
CHEESE CUBES 120g MILKY MIST,1373.0,12.0,114.41666666666667
CHEESE CUBES 200g MILKY MIST,845.0,5.0,169.0
CHEESE EASY OPEN CHIPLET CUBES 60X8X25g AMUL,2025.0,15.0,135.0
CHEESE SLICE 100G MILKY MIST,8664.47,110.0,78.76790909090909
CHEESE SLICES 100g AMUL 5PC PACK,6415.0,75.0,85.53333333333333
CHEESE SLICES 100g HERITAGE,2070.0,36.0,57.5
CHEESE SLICES 200g AMUL 10PC PACK,10199.57,72.0,141.66069444444443
CHEESE SLICES 200g HERITAGE,1935.0,9.0,215.0
CHEESE SLICES 200g MILKYMIST,8514.0,57.0,149.3684210526316
CHEESE SPREAD 200g AMUL,550.0,5.0,110.0
CHEESE SPREAD GARLI 200g MILKY MIST,715.0,6.0,119.16666666666667
CHEESE SPREAD GARLIC200G AMUL,224.0,2.0,112.0
CHEESE SPREAD NATURAL OR PLAIN 200g MILKYMIST,355.0,3.0,118.33333333333333
CHEESE SPREAD PEPPER 200g MILKY MIST,240.0,2.0,120.0
CHEGODI 250g VELLANKI FOODS,51264.0,352.0,145.63636363636363
CHEKKARAKELI BANANA,105288.19,858.44,122.65061040958017
CHERRY LOCAL ANAND,60574.0,298.0,203.26845637583892
CHERRY TOMATO KG RED SAMBERRY,4324.5,16.31,265.1440833844268
CHERUKU GADDALU,1920.0,60.0,32.0
CHERUKU RASALU KG LOOSE,76365.67,461.89,165.33302301413755
CHIA SEEDS KGS FLYBERRY,9326.2,11.17,834.9328558639213
CHICKEN BONE LESS PICKLE 250g VELLANKI FOODS,2125.0,6.0,354.1666666666667
CHICKPEAS 50g FLYBERRY GOURMET,147.0,3.0,49.0
CHICOOS SAPOTA JUICE,2640.0,45.0,58.666666666666664
CHICOOS(Sapota),25203.0,308.55,81.68206125425377
CHIKKUDU SEED PACK,2284.98,7.61,300.2601839684625
CHIKKUDUKAI,107260.2,1027.96,104.3427759835013
CHIKKUDUKAYA PICKLE 250g AHA,270.0,3.0,90.0
CHINNA RASALU KG LOOSE,123437.86,889.21,138.8174446981028
CHINTA CHIGURU,27442.06,58.76,467.01940095302933
CHOCOLATE 150G HBD PACK AMUL,3000.0,15.0,200.0
CHOCOLATE MILK SHAKE 180ML HERITAGE,6424.0,247.0,26.008097165991902
CHOUSA MANGO KG LOOSE,13006.95,57.57,225.93277748827515
CHOWCHOW,1141.94,24.41,46.781646866038514
CINNAMON DALCHINI KG FLYBERRY,927.1999999999999,0.98,946.1224489795918
CLOVES 50g,6210.0,69.0,90.0
CLUSTER BEANS,63949.94,1078.97,59.269432885066315
COCONUT,162488.22,3696.0,43.96326298701299
COCONUT KARAM 100G  VELLANKI FOODS,772.0,12.0,64.33333333333333
COCONUT MANGO,59162.729999999996,310.07,190.804431257458
COCONUT MILK YOGURT-BLUEBERRY EPIGAMIA,70.0,1.0,70.0
COCONUT SLICE KGS FLYBERRY,657.06,1.4000000000000001,469.32857142857137
COFFEE XTRA 100g JAR INSTANT SOUTH BLEND CONTINENTAL,2174.0,9.0,241.55555555555554
COKE 250ML,340.0,17.0,20.0
COLD PRESSED SUN DRIED COCONUT OIL 1LT MESMARA,2396.0,4.0,599.0
COLD PRESSED WHITE SESAME OIL 500ML MESMARA,1400.0,4.0,350.0
COLOUR CUCUMBER,95482.76,2629.25,36.315588095464484
CONTINENTAL XTRA 50g JAR PLUS 25g JAR FREE SOUTH BLEND,1193.7,10.0,119.37
CONTINENTAL XTRA INSTANT SOUTH BLEND COFFEE 150g POUCH,4258.0,12.0,354.8333333333333
COOKING BUTTER 100G MILKY MIST,6141.75,82.0,74.89939024390245
COOKING BUTTER 100g AMUL UNSALTED,2558.0,40.0,63.95
COOKING BUTTER 200G HERITAGE,3630.0,28.0,129.64285714285714
COOKING BUTTER 500g HERITAGE,5120.0,17.0,301.1764705882353
COOKING BUTTER UNSALTED 200g MILKY MIST,3334.0,23.0,144.95652173913044
COOKING UNSALTED BUTTER 500g MILKY MIST,5680.0,16.0,355.0
COPRA POWDER 100G EVR,2136.75,41.0,52.11585365853659
CORIANDER,188619.91,1993.76,94.60512298370918
CORIANDER 200g,6945.0,103.0,67.42718446601941
CORN FLAKES 200G EVR,490.0,10.0,49.0
CORN FLAKES MIXTURE250g VELLANKI FOODS,28884.7,211.0,136.89431279620854
CORN FLOUR 200g EVR,342.0,9.0,38.0
COW GHEE 200ml JAR AMUL HIGH AROMA,5432.8,37.0,146.83243243243243
COW GHEE 250G VELLANKI FOODS,16650.0,74.0,225.0
COW GHEE 350g SIDS FARM,22100.0,44.0,502.27272727272725
COW GHEE 500ml PET JAR MILKYMIST,1692.0,4.0,423.0
COW MILK 500ML POUCH SIDS FARM,83589.86,2010.0,41.58699502487562
COW MILK 500ml GOLDEN HERITAGE,31.0,1.0,31.0
CREAMY COFFEE HAZELNUT 22g CONTINENTAL,300.0,10.0,30.0
CRUNCHY BANANA CHIPS 100g FLYBERRY,1125.0,9.0,125.0
CRUNCHY BANANA CHIPS 250g FLYBERRY,1196.0,4.0,299.0
CRUNCHY BANANA CHIPS 65g FLYBERRY,396.0,4.0,99.0
CUCUMBER,218653.87,5548.36,39.40873879849181
CUCUMBER WHITE,90.8,1.32,68.78787878787878
CUMIN JEERA KG FLYBERRY,528.2,0.56,943.2142857142857
CURD 135g POUCH MILKY MIST,17530.0,1753.0,10.0
CURD 500g POUCH HERITAGE,155741.25,3133.0,49.70994254707948
CURD CUP 200G HERITAGE,6525.0,262.0,24.904580152671755
CURD CUP 400GHERITAGE,20063.0,438.0,45.805936073059364
CURD POUCH 400g MILKY MIST,38764.0,929.0,41.72658772874058
CURD TUB 1KG HERITAGE,98142.23,904.0,108.56441371681416
CURRY LEAVES,59596.840000000004,635.03,93.84885753428973
CUSTARD APPLE ANAND,195140.17,725.49,268.9770637775848
DABBAKAI,2415.0,48.0,50.3125
DALCHINI 50g,7080.0,118.0,60.0
DALMOTI 250g VELLANKI FOODS,20920.0,138.0,151.59420289855072
DAMPUDU BIYYAM 1Kg AISHWARYA,445.0,6.0,74.16666666666667
DARK CHOCOLATE 150g AMUL,2000.0,10.0,200.0
DARK CHOCOLATE 150g BEST WISHES AMUL,3736.0,19.0,196.6315789473684
DASHERI MANGO KG LOOSE,173487.08,812.64,213.48577475881078
DATE BITES 160g FLYBERRY,46823.4,157.0,298.23821656050956
DATES POWDER 180g FLYBERRY,1596.0,4.0,399.0
DEHYDRATED GINGER  KGS FLYBERRY,126.27,0.12,1052.25
DEHYDRATED KIWI KG FLYBERRY,1214.52,1.6400000000000001,740.560975609756
DEHYDRATED MANGO KG FLYBERRY,3502.5,2.81,1246.44128113879
DEHYDRATED PAPAYA  KGS FLYBERRY,173.34,0.21000000000000002,825.4285714285713
DEHYDRATED PINEAPPLE KG FLYBERRY,1922.4,1.59,1209.0566037735848
DERI DATES KG FLYBERRY,2215.8,2.4899999999999998,889.8795180722893
DESI COW GHEE 500ml JIVIKA ORGANICS,9990.0,10.0,999.0
DIAMOND MISRI 200G,2520.0,67.0,37.61194029850746
DILKUSH GRAPES KG LOOSE,21595.82,146.14,147.7748734090598
DISCO PUMPKIN,7251.85,184.34,39.33953564066399
DONDAKAI,178902.06,3939.51,45.412261931052335
DOODH PEDA 200g HERITAGE,29419.0,236.0,124.65677966101696
DOSA BATTER MIX 900g DSL,41680.0,522.0,79.84674329501915
DOSE WITH IMMUNITY BOOSTERS - 6 EGGS PACK ABHI EGGS,6000.0,48.0,125.0
DOUBLE BEANS,85.44,0.72,118.66666666666667
DOUBLE HORSE URAD ROUND 1KG,24720.0,130.0,190.15384615384616
DR GOOD EGGS CAROTENOID 12 PACK,42003.6,272.0,154.42499999999998
DR GOOD EGGS CAROTENOID 30 PACK,38904.0,105.0,370.51428571428573
DRAGAN FRUIT JUICE,300.0,3.0,100.0
DRAGON  FRUIT,126788.39,752.93,168.39333005724305
DRIED BLACKBERRY KG FLYBERRY,598.0,0.19,3147.3684210526317
DRIED BLUEBERRY KG FLYBERRY,18805.4,7.21,2608.238557558946
DRIED CRANBERRY WHOLE KG FLYBERRY,12562.0,11.43,1099.0376202974628
DRIED DATES YELLOW250 GM,250.0,2.0,125.0
DRUMSTICK,106917.69,13157.0,8.126297028197918
DRY CHURRA KG FLYBERRY,3309.9,4.51,733.9024390243903
DRY COCONUT 250G EVR,7820.0,56.0,139.64285714285714
DRY COCONUT KG FLYBERRY,1162.8,1.9500000000000002,596.3076923076923
EGGS 12PS FARM MADE FREE RANGE U N V,37859.0,131.0,289.0
EGGS 6PC FARM MADE FREE RANGE U N V,31290.0,210.0,149.0
EGGS 6PC JUST LAID VN POULTRY,79920.0,999.0,80.0
EGGS 6PC UPF HEALTHY WHITE U N V,2225.0,25.0,89.0
ELEPHANT FOREST HONEY 250G 1+1,574.6,7.0,82.08571428571429
ELEPHANT FOREST HONEY 500G 1+1,159.5,1.0,159.5
ELEPHANT SEEDED DATES 400G(CUPS) (1+1 OFFER),920.0,8.0,115.0
ELEPHANT SEEDLESS HONEY DATES400G+10,1990.0,10.0,199.0
ELEPHANT YAM,37894.58,405.08,93.54838550409796
ENG ITEM BROCOLI SAMBERRY,166019.06,461.8,359.5042442615851
ENG ITEM CELERY SAMBERRRY,1257.3,5.71,220.19264448336253
ENG ITEM CHINESE CABBAGE SAMBERRY,5339.01,25.79,207.018611865064
ENG ITEM COLOUR CABBAGE SAMBERRY,14381.61,69.23,207.7366748519428
ENG ITEM GREEN LETTUCE SAMBERRY,14676.64,56.96,257.6657303370786
ENG ITEM PARSLEY SAMBERRY,320.46,1.03,311.126213592233
EUROPEN CUCUMBER,156041.7,2483.53,62.83060804580577
FIGS AFGHANI NORMAL KG FLYBERRY,47772.840000000004,25.32,1886.7630331753555
FILTER COFFE STRONG 5 10ml ID FRESH,55.0,1.0,55.0
FILTER COFFEE 150ML ID FRESH,700.0,5.0,140.0
FILTER COFFEE 150ML NEW BOLD ID FRESH,540.0,4.0,135.0
FINGER CHIPS PAPAD 200G EVR,478.4,10.0,47.839999999999996
FLAX SEED OIL 1L MESMARA,2396.0,4.0,599.0
FLAX SEEDS KGS FLYBERRY,2814.56,10.66,264.03001876172607
FLY BERRY DERI DATES 255g,84575.0,427.0,198.0679156908665
FLYBERRY CASHEW 4 PIECE,1566.01,1.55,1010.3290322580644
FLYBERRY CRISPY SWEET CORN 12g,147.0,3.0,49.0
FLYBERRY CRUNCHY BANANA CHIPS 25g,297.0,6.0,49.5
FLYBERRY DREAMY DERI DATES 220g,27930.0,70.0,399.0
FLYBERRY DREAMY DERI DATES 400G,54521.99,78.0,698.9998717948718
FLYBERRY KNOCKOUT KALMI DATES 200g,2988.0,12.0,249.0
FLYBERRY KNOCKOUT KALMI DATES 400g,4939.0,11.0,449.0
FLYBERRY MEDJOUL MAJESTIC DATES 400g BOX,36963.0,37.0,999.0
FLYBERRY MINI MEDJOUL DATES 200g BOX,9876.0,24.0,411.5
FLYBERRY SHAHJEERA CARAWAY SEEDS,104.94,0.11,954.0
FLYBERRY SPICE OKRA CHIPS 25g,1782.0,36.0,49.5
FLYBERRY SPICED CHICKPEAS CRISP 31g,99.0,2.0,49.5
FLYBERRY STRAWBERRY DEHYDRATED REGULAR,11113.6,6.96,1596.7816091954023
FOXTAIL MILLET KORRALU BIYYAM 500g,720.0,9.0,80.0
FREEDOM GROUNDNUTOIL 1LT,16962.0,104.0,163.09615384615384
FREEDOM MUSTARD OIL 1 Lt,178.0,1.0,178.0
FREEDOM RF SUNFLOWER OIL 1LT POUCH,64739.0,408.0,158.67401960784315
FREEDOM RICE BRAN 1LTR,22978.0,147.0,156.31292517006804
FREEDOM SUNFLOWER OIL 5LT,18903.6,24.0,787.65
FREEDOM SUNFLOWER OIL PET 1LT,12080.0,72.0,167.77777777777777
FREEDOM SUNFLOWER OIL PET 2LT,11375.99,32.0,355.4996875
FRESH CREAM 200ML HERITAGE,65.0,1.0,65.0
FRESH CREAM 250ML AMUL,3101.0,45.0,68.91111111111111
FRESH CREAM 250ml UHT MILKY MIST,4320.0,54.0,80.0
FRESH DATES YELLOW BOX ANAND,489.30000000000007,7.0,69.9
FRESH LOOSE PANEER,155474.76,304.8,510.08779527559057
FRESH PANEER BLOCK 200g AMUL,2280.0,24.0,95.0
FRIED GRAM PUTANA 250g,7827.75,174.0,44.98706896551724
FRUIT BASKET 120 SADGURU,600.0,5.0,120.0
FRUIT BASKET 170 SADGURU,850.0,5.0,170.0
FRUIT BASKET 200,675.0,3.0,225.0
FRUIT BASKET 200 SADGURU,2000.0,10.0,200.0
FRUIT BASKET 240 SADGURU,240.0,1.0,240.0
FRUIT BASKET 250 RAJU,1330.0,5.0,266.0
FRUIT BASKET 300 SADGURU,900.0,3.0,300.0
FRUIT BASKET 350 RAJU,3150.0,9.0,350.0
FRUIT BASKET 450 SADGURU,320.0,2.0,160.0
FRUIT BOWL NRG,1260.0,28.0,45.0
FRUIT BREAD 200g SML SPENCERS AKSHAYA NANDA,1980.0,66.0,30.0
FRUIT N NUT 150g DARK CHOCOLATE AMUL,5980.0,30.0,199.33333333333334
FRUIT YOGHURT BB 100g MILKYMIST,4830.0,161.0,30.0
FRUIT YOGURT 75g ALPHONSO MANGO EPIGAMIA,3605.0,103.0,35.0
FRUIT YOGURT 75g STRAWBERRY EPIGAMIA,4515.0,129.0,35.0
FULL CREAM MILK 500ml HERITAGE,211274.0,5117.0,41.28864569083447
FlyberryAlmondRoastedSalted,236.0,0.12,1966.6666666666667
FlyberryBrazilNut,16905.0,4.82,3507.2614107883815
FlyberryCashew180,2204.0,1.1,2003.6363636363635
FlyberryHazelnut,3176.8,1.68,1890.9523809523812
FlyberryMacadamia,3729.0,0.67,5565.671641791045
FlyberryMelonSeeds,9004.0,9.15,984.0437158469945
FlyberryPeriPeriAlmond,132.0,0.07,1885.7142857142856
FlyberryPrunes,1255.54,0.71,1768.3661971830986
G ELAICHI 50g,29610.0,127.0,233.1496062992126
GAJANAN ORANGE PRM HMT RAW RICE 1Kg,2890.0,34.0,85.0
GAJANAN ORANGE PRM HMT RAW RICE 5Kg,7140.0,17.0,420.0
GAJANAN ORANGE PRM HMT RICE 1Kg,1360.0,17.0,80.0
GAJANAN ORANGE PRM HMT RICE 5Kg,8085.0,21.0,385.0
GAJANAN TELANGANA SONA RICE 1Kg,3075.0,41.0,75.0
GAJANAN TELANGANA SONA RICE 5Kg,8820.0,26.0,339.2307692307692
GARAM MASALA 100g VELLANKI FOODS,708.0,10.0,70.8
GARLIC,181961.57,1121.55,162.24115732691365
GARLIC PEELED BOX,26630.8,415.0,64.17060240963855
GARLIC PICKLE 250g AHA,400.0,4.0,100.0
GAVVALU SWEET 250G VELLANKI FOODS,51995.0,369.0,140.90785907859077
GEMS KG FLYBERRY,3252.0,5.38,604.460966542751
GHEE 200ML PET JAR MILKY MIST,1650.0,9.0,183.33333333333334
GHEE ARISELU 250g VELLANKI FOODS,33515.0,196.0,170.99489795918367
GINGER,162048.46,1604.11,101.0207903448018
GINGER GARLIC PASTE 250G VELLANKI FOODS,8370.0,72.0,116.25
GINGER PICKLE 250G VELLANKI FOODS,6530.0,56.0,116.60714285714286
GINGER PICKLE 250g AHA,1600.0,16.0,100.0
GINGER PICKLE 500g AHA,1000.0,5.0,200.0
GOLD DROP SUNFLOWER OIL 1Lt pouch,28504.2,180.0,158.35666666666668
GOLDEN COW GHEE 500 ML HERITAGE,19875.0,53.0,375.0
GOLDEN KIWI FRUIT BIG,395.0,5.0,79.0
GOLDEN KIWI SMALL,109152.55,1687.0,64.70216360403083
GONGURA PANDU MIRAPAKAYA PICKLE  500g AHA,874.99,5.0,174.998
GONGURA PANDU MIRAPAKAYA PICKLE 250g  AHA,810.0,9.0,90.0
GONGURA PICKLE 250g  AHA,1440.0,16.0,90.0
GONGURA PICKLE 250g VELLANKI FOODS,2915.0,24.0,121.45833333333333
GONGURA PICKLE 500g  AHA,525.0,3.0,175.0
GONGURA(PUNTIKURA),42112.0,630.23,66.82004982308047
GRAPE JUICE,370.0,7.0,52.857142857142854
GREEK CEREALS YOGHURT 100g MILKY MIST,1520.0,38.0,40.0
GREEK HONEY AND FIG YOGHURT 100g MILKY MIST,640.0,16.0,40.0
GREEK YOGHURT 100g MILKY MIST,2760.0,69.0,40.0
GREEK YOGURT 85g  ALPHONSO MANGO  EPIGAMIA,9660.0,162.0,59.629629629629626
GREEK YOGURT ALPHONSO MANGO SMOOTHIE 180ml EPIGAMIA,6880.0,87.0,79.08045977011494
GREEK YOGURT BLUEBERRY 90g EPIGAMIA,10620.0,182.0,58.35164835164835
GREEK YOGURT BLUEBERRY SMOOTHIE 180ml EPIGAMIA,6000.0,75.0,80.0
GREEK YOGURT MIXED BERRY ZERO ADDED SUGAR 120g EPIGAMIA,2340.0,33.0,70.9090909090909
GREEK YOGURT NATURAL 90g EPIGAMIA,9975.0,170.0,58.6764705882353
GREEK YOGURT STRAWBERRY 85g EPIGAMIA,8340.0,139.0,60.0
GREEK YOGURT STRAWBERRY SMOOTHIE 180ml EPIGAMIA,5200.0,66.0,78.78787878787878
GREEK YOGURT STRAWBERRY ZERO ADD SUGAR 120g EPIGAMIA,2170.0,31.0,70.0
GREEK YOGURT VANILLA BEAN 90g EPIGAMIA,4620.0,77.0,60.0
GREEK YOGURT WILD RASBERRY 85g EPIGAMIA,7409.99,120.0,61.749916666666664
GREEN APPLE,57267.08,151.97,376.8314798973482
GREEN CHILLY,158356.02,2066.47,76.63117296645972
GREEN PEAS,58912.81,329.22,178.94663143186924
GREEN PEAS BATANI 500G EVR,5610.0,35.0,160.28571428571428
GREEN PEAS SEED PAC,9988.7,22.5,443.94222222222226
GROUND NUT,40331.22,355.66,113.39824551537986
GROUND NUT OIL 1Lt. COLD PRESSED MESMARA,13440.0,32.0,420.0
GUAVA HYBRID BIG ANAND,208875.02,1628.11,128.292940894657
GUAVA Local,1940.93,15.05,128.96544850498339
GULAB JAM MIX 200g MILKY MIST,1470.0,12.0,122.5
GULABI ROUND BRINJAL,64226.23,878.02,73.1489373818364
Ginger Imbued Honey 250g BT,3600.0,16.0,225.0
Ginger Imbued Honey 500g BT,3240.0,8.0,405.0
Green Kiwi Small,117932.0,3043.0,38.7551758133421
HAZELNUT CHOCOLATE SPREAD 200g,499.0,1.0,499.0
HEKATPY BUCK WHEAT COOKIES 125g,500.0,4.0,125.0
HEKATPY PEARL MILLET COOKIE 125g,125.0,1.0,125.0
HEKATPY QUINO COOKIES 125g,625.0,5.0,125.0
HEKTAPY HEALTHY DEL JOWAR 125G,375.0,3.0,125.0
HEKTAPY HEALTHY DEL RAGI 125G,625.0,5.0,125.0
HEKTAPY MULTI MILLET S.N,625.0,5.0,125.0
HEKTAPY OAT COOKIES  125g,125.0,1.0,125.0
HEKTAPY RAJGIRI COOKIES 125g,375.0,3.0,125.0
HIMALAYAN HONEY 225g APIS,495.0,3.0,165.0
HIMALAYAN HONEY 500g APIS,2275.0,7.0,325.0
HIMAYATH MANGO KG LOOSE,193772.48,617.9,313.5984463505422
HOME DELIVERY CHARGES,30.0,30.0,1.0
HULLED WHITE SESAME OIL 1Lt. MESMARA,3500.0,5.0,700.0
I.Orange Pack of 4,2407.0,23.0,104.65217391304348
ICE BERG ENGLISH ITEM SAMBERRY,15235.21,67.31,226.3439310652206
IDLI KARAM 100g VELLANKI FOODS,2584.0,44.0,58.72727272727273
IDLI POWDER AKA GUNDPOWDER AKA KARAM PODI PREMIUM KG LOOSE FLYBER,73.51,0.09,816.7777777777778
IDLY . DOSA BATTER 1KG ID FRESH,61655.0,650.0,94.85384615384615
IDLY BATTER 900g DSL,21280.0,266.0,80.0
IDLY KARAM FLYBERRY,631.0,1.28,492.96875
IDLY RAVA1KG,10799.75,167.0,64.66916167664671
IDLY RAWA 500g,665.0,19.0,35.0
IDLY RAWA ORANGE 1KG AISHWARYA,360.0,6.0,60.0
IDLY RICE  1Kg,1610.0,23.0,70.0
IGURU KARAM 100g VELLANKI FOODS,444.0,7.0,63.42857142857143
IMLI POP KG FLYBERRY,620.16,1.3,477.0461538461538
IMP ORANGE CANE,200.0,2.0,100.0
IMP Orange Juices,7800.0,52.0,150.0
IMPORTED ORANGE,100960.52,510.84,197.63628533395976
IMPORTED PLUMS,76389.38,231.75,329.61976267529667
INDIAN RAISINS GREEN FLYBERRY,3633.6,6.04,601.5894039735099
INDIAN RAISINSGOLDEN KGS FLYBERRY,7728.0,12.86,600.9331259720062
INSIDE YELLOW MELON Kg,4048.74,101.48,39.89692550256208
IODIZED SALT 1KG PON,80.0,4.0,20.0
IRANIAN DATES 500g ORIGINAL AM ENTERPRISES,2738.0,12.0,228.16666666666666
JACK FRUIT SEEDS ANAND,12180.0,145.0,84.0
JAGGERY KESAR 450G,8600.0,169.0,50.887573964497044
JAGGERY KESAR 900G,10681.0,112.0,95.36607142857143
JAGGERY MINI CUBES 500G EVR,3335.0,29.0,115.0
JAGGERY POWDER 500g JIVIKA ORGANICS,7220.0,76.0,95.0
JANTHIKALU 250g VELLANKI FOODS,42697.41,286.0,149.29164335664336
JAVATRI 50g,9720.0,54.0,180.0
JEERA 100g,3380.0,52.0,65.0
JEERA 200g,20625.0,165.0,125.0
JEERA PAPAD 200G EVR,748.0,11.0,68.0
JIVIKA COLD PRESSED SAFFLOWER OIL 1LTR,1619.99,5.0,323.998
JIVIKA CORIANDER POWDER 100GMS,1100.0,20.0,55.0
JIVIKA FOREST HONEY250ml,3080.0,11.0,280.0
JIVIKA NATURALS PEANUT BUTTER500GMS,1596.0,4.0,399.0
JIVIKA RED CHILLI POWDER 200GMS,6800.0,41.0,165.85365853658536
JIVIKA RED CHILLI POWDER 500GMS,3192.0,8.0,399.0
JIVIKA TURMERIC POWDER 100GMS,2760.0,46.0,60.0
JOWAR FLOUR 500g,4450.0,89.0,50.0
JUBJUB GUAVA JUICE,140.0,2.0,70.0
JUJUBIES FLYBERRY,7689.14,13.05,589.2061302681992
KABULI CHANA 500g,13794.0,115.0,119.94782608695652
KAJJIKAYALU 250g VELLANKI FOODS,19015.0,130.0,146.26923076923077
KAJU PAKODI 250g VELLANKI FOODS,15420.0,68.0,226.76470588235293
KALA JAMUN BOX PACK ANAND,67282.0,604.0,111.39403973509934
KANDI KARAM 100g  VELLANKI FOODS,1056.0,18.0,58.666666666666664
KANDI KARAM 250GM AHA,240.0,2.0,120.0
KARAM GAVVALU 250G VELLANKI FOODS,5335.0,39.0,136.7948717948718
KARAM SAKINALU 250g  VELLANKI FOODS,4245.0,29.0,146.3793103448276
KARAN PHOOL 50g,5610.0,88.0,63.75
KARIVEPAKU KARAM 100g VELLANKI FOODS,1224.0,20.0,61.2
KARIVEPAKU KARAM 250g AHA,240.0,2.0,120.0
KARPURAVALLI BANANA,80638.42,1028.6,78.39628621427183
KASOORI METHI PAPAD 200G EVR,375.0,5.0,75.0
KASURIMETHI 50G,3056.0,86.0,35.53488372093023
KEERA JUICE,720.0,18.0,40.0
KESARI MANGO KG LOOSE,146626.91,628.36,233.34857406582213
KHUS KHUS 50G,9565.0,78.0,122.62820512820512
KIMIA DATES PLASTIC BOX 400G ORIGINAL,23985.0,95.0,252.47368421052633
KIMJO KIMIA DATES 400g ELEPHANT,13392.79,66.0,202.92106060606062
KINELY WATER 500ml,2650.0,265.0,10.0
KINLEY SODA 750ML,3460.0,173.0,20.0
KINLEY WATER 1Lt,1780.0,89.0,20.0
KIRAN MELON,384004.46,13239.4,29.00467241717903
KISMIS GREEN 250g,1110.0,6.0,185.0
KNOOL COOL,1078.2,23.93,45.05641454241538
KOBBARI KARAM 250g AHA,240.0,2.0,120.0
KOBBARI VUNDALU 250g VELLANKI FOODS,16120.0,123.0,131.0569105691057
KODO MILLET ARIKALU 500G,2100.0,28.0,75.0
KOTHIMEERA CORIANDER KARAM 100g VELLANKI FOODS,844.0,14.0,60.285714285714285
KOVA KAJJIKAYALU 250g VELLANKI FOODS,10040.0,55.0,182.54545454545453
KP MALABAR  PAROTA 5PC ID FRESH,18682.0,178.0,104.95505617977528
KURA KARAM 100g VELLANKI FOODS,840.0,14.0,60.0
KURNOOL MURMURA 500g,10948.0,136.0,80.5
Kashmir Comb Honey 500g BT,11700.0,10.0,1170.0
L G HING 50g,6603.0,69.0,95.69565217391305
LAB LAB,57499.51,681.53,84.36827432394759
LADIES FINGER,308770.39,5703.03,54.14146339752728
LAKSHMAN FRUIT ANAND,5111.97,11.91,429.2166246851386
LAL MICHI WITHOUT STEM 200G EVR,13840.0,121.0,114.3801652892562
LAL MIRCHI WITH STEM 200G EVR,9712.0,96.0,101.16666666666667
LANGADA MANGO KG LOOSE,20394.18,95.32000000000001,213.95488879563575
LASSI 200ml MILKY MIST UHT ROSE,1120.0,32.0,35.0
LASSI BLUBERRY 180ml MILKYMIST,1355.0,41.0,33.048780487804876
LEAF ONION,17179.96,231.71,74.14423201415562
LEMON,282952.05,1700.1,166.4325922004588
LEMON JUICE,300.0,15.0,20.0
LEMON PICKLE  250g AHA,825.0,11.0,75.0
LEMON PICKLE 500g  AHA,450.0,3.0,150.0
LETTUCE RED ENG ITEM SAMBERRY,275.15000000000003,0.95,289.6315789473685
LETTUCE ROCKET ARUGULA KG ENGLISH ITEM SAMBERRY,36.66,0.12,305.5
LIME PICKLE 250g VELLANKI FOODS,1210.0,12.0,100.83333333333333
LITTLE MILLET SAMELU 500g,2470.0,25.0,98.8
LOBIA,18712.45,407.08,45.96750024565196
LONG CHILLIES,24464.83,315.46,77.55287516642365
LOTUS ECLAIRS  250G,300.0,6.0,50.0
LOTUS KAJOOS 13.5 G,591.5,122.0,4.848360655737705
LOTUS TANGO 20G,987.7,177.0,5.580225988700565
LOW GI RICE 1Kg AISHWARYA,720.0,6.0,120.0
LOW GI RICE 5KG AISHWARYA,3000.0,5.0,600.0
LYCHEE LOCAL ANAND,49892.05,107.83,462.6917369934156
Lotus Stem SAMBERRY,2846.25,10.02,284.0568862275449
MAAZA 600ML,504.0,12.0,42.0
MAGAYA PICKLE 250GMS VELLANKI FOODS,2270.0,16.0,141.875
MAIDA 1 KG,2275.0,35.0,65.0
MAIDA 500g,1200.0,30.0,40.0
MALGUDI COFFEE 200g 60 DEGREES CONTINENTAL,1126.98,7.0,160.99714285714285
MALGUDI COFFEE 200g 80 DEGREES CONTINENTAL,1000.0,5.0,200.0
MALGUDI COFFEE 500g 80 DEGREE CONTINENTAL,1598.0,4.0,399.5
MALGUDI FILTER COFFEE 500g 60 DEGREE CONTINENTAL,1800.0,5.0,360.0
MALLIKA MANGO Kg LOOSE,40468.19,278.05,145.54285200503506
MANGO AVAKAYA 250g  AHA,1470.0,17.0,86.47058823529412
MANGO AVAKAYA pPICKLE 500g AHA,1050.0,6.0,175.0
MANGO BELLAM AVAKAI 250g AHA,180.0,2.0,90.0
MANGO GINGER,2403.42,19.080000000000002,125.96540880503144
MANGO JELLY ROLLS 250g VELLANKI FOODS,22480.0,148.0,151.8918918918919
MANGO JUICE,1190.0,17.0,70.0
MANGO MAGAYA  250g AHA,1700.0,17.0,100.0
MANGO MAGAYA 500g AHA,1000.0,5.0,200.0
MANGO PICKLE 250G VELLANKI FOODS,7555.0,63.0,119.92063492063492
MARATHI MOGGA 50gms EVR,210.0,5.0,42.0
MAREDUKAYA KG LOOSE,1176.74,9.120000000000001,129.0285087719298
MASALA KARAM 250g AHA,140.0,1.0,140.0
MASALA PALLI 250GMS VELLANKI FOODS,20220.0,134.0,150.8955223880597
MASOOR DAL 500g,4360.0,59.0,73.89830508474576
MASTI BUTTER MILK 1Lt AMUL,840.0,12.0,70.0
MASTI BUTTER MILK 200ml AMUL tetra,2625.0,175.0,15.0
MEDJOUL DATES LARGE FLYBERRY loose kgs,39455.28,20.02,1970.7932067932068
MENTI BIG,70809.16,614.62,115.20803097849078
METHI 100G,3275.0,101.0,32.42574257425743
MILK BREAD 350g SPENCERS GOLDEN CRUST NANDA,55.0,1.0,55.0
MILK CHOCOLATE SMOOTH N CREAMY 150g AMUL,4160.0,21.0,198.0952380952381
MILK SHAKE CHOCOLATE 220ML MILKY MIST,9691.2,243.0,39.88148148148149
MILK SHAKE STRAWBERRY 180ML HERITAGE,1200.0,60.0,20.0
MILK SHAKE STRAWBERRY 180ML MILKY MIST,5788.0,145.0,39.91724137931035
MILK SHAKE STRAWBERRY 180ml EPIGAMIA,9866.0,247.0,39.94331983805668
MILK SHAKE VANILA 180ml EPIGAMIA,3280.0,82.0,40.0
MILK SHAKE VANILLA 180ML MILKY MIST,2320.0,58.0,40.0
MILKSHAKE CHOCOLATE 180ml EPIGAMIA,18150.4,454.0,39.97885462555067
MILLET DOSA BATTER 1Kg DSL,480.0,4.0,120.0
MILLET IDLY RAWA 500GMS SRI AHARYA,1068.0,12.0,89.0
MILLET MOONG MIX 250g VELLANKI,10650.0,69.0,154.34782608695653
MILLETS UPMA RAWA 500GMS SRI AHARYA,623.0,7.0,89.0
MINI MEDJOUL FLYBERRY loose kgs,6517.84,5.2299999999999995,1246.2409177820268
MINUTE MAID PULPY 250 ML,2825.0,113.0,25.0
MISHTI DAHI 80g  EPIGAMIA,3920.0,113.0,34.690265486725664
MIXED SPROUTS ANAND,53400.0,1780.0,30.0
MIXTURE 250g VELLANKI FOODS,37369.5,257.0,145.40661478599222
MODERN  CRUST PIZZA BASE 150g,210.0,6.0,35.0
MODERN 100% WHOLE WHEAT BREAD 400G,10450.0,191.0,54.712041884816756
MODERN BANANA PUDDING  CAKE 140g,1980.0,33.0,60.0
MODERN BURGER BUN,630.0,14.0,45.0
MODERN CHOCO CHEER CAKE 120g,4375.0,125.0,35.0
MODERN FRUIT & NUT CAKE 140g,3660.0,61.0,60.0
MODERN HI FIBER  BROWN BREAD 400g,5335.0,98.0,54.43877551020408
MODERN MILK PLUS BREAD 450g,9790.0,178.0,55.0
MODERN SANDWICH SUPREME BREAD 400g,5830.0,109.0,53.48623853211009
MODERN WOW PAV 200g,1890.0,63.0,30.0
MODREN FRUITY BREAD 200G,3000.0,100.0,30.0
MOONG DAL 500G,8960.0,112.0,80.0
MOONG DAL1kg,11200.0,70.0,160.0
MOONG GREEN 500g,11338.94,129.0,87.89875968992249
MOONGDAL RICE RAWA 500G AISHWARYA,70.0,1.0,70.0
MOUSAMBI,137279.59,1680.51,81.68924314642578
MOUSAMBI JUICE,9900.0,110.0,90.0
MOZZARELLA CHEESE 200g MILKY MIST,4370.0,26.0,168.07692307692307
MUKHWAS TINIMINI KG FLYBERRY,907.0600000000001,2.93,309.57679180887374
MULAGAKU KARAM 100g VELLANKI FOODS,888.0,13.0,68.3076923076923
MULBERY BOX PACK ANAND,13020.0,155.0,84.0
MULTIGRAIN HEALTH MIX 500GMS SRI AHARYA,954.0,6.0,159.0
MUNAGAKU KARAM 250g AHA,240.0,2.0,120.0
MURUKULU 250g VELLANKI FOODS,44517.89,299.0,148.88926421404682
MUSK MELON - H,67430.56,1538.89,43.817660781472355
MUSK MELON - LOCAL,5133.32,78.91,65.0528450133063
MUSK MELON JUICE,4000.0,80.0,50.0
MUSTARD BIG 200g,2440.0,58.0,42.06896551724138
MUSTARD OIL 1Lt. MESMARA,4792.0,8.0,599.0
MUSTARD SMALL 200g,2916.0,62.0,47.03225806451613
MYSORE PAK 250g HARD VELLANKI FOODS,11625.0,79.0,147.15189873417722
Mango Juices,560.0,7.0,80.0
Mango Milk Shake,60.0,1.0,60.0
Moosambi Economy,106.53,2.17,49.092165898617516
NAGPUR ORANGE,86418.26,598.51,144.38899934838182
NAGPUR ORANGE JUICE,3090.0,36.0,85.83333333333333
NALLA KARAM 100g VELLANKI FOODS,434.0,7.0,62.0
NALLA KARAM 250g AHA,480.0,4.0,120.0
NANDA CREAM BUN VANILLA 60g,2010.0,134.0,15.0
NANDA CRM BUN CHOCOLATE 60g,1485.0,99.0,15.0
NANDA CRM BUN PINEAPPLE 60g,1365.0,91.0,15.0
NANDA MUFFIN FRUIT 240g,6427.25,87.0,73.8764367816092
NANDA MUFFIN VANILLA 240g,7187.0,97.0,74.09278350515464
NANDA OSMANIA COOKIES 300g,10148.64,143.0,70.96951048951048
NANDAS Mr BREADRY ZERO MAIDA 450g,180.0,3.0,60.0
NARINJAAKAYA KG LOOSE,459.65,4.03,114.05707196029775
NATU DONDAKAI,39005.01,743.5,52.461344989912575
NATURAL BROWN SUGAR 1Kg JIVIKA ORGANICS,4030.0,26.0,155.0
NATURAL COW GHEE 500ml JIVIKA ORGANICS,2994.0,6.0,499.0
NATURAL CURD 450g SIDS FARM,53340.0,1067.0,49.990627928772255
NATURAL ROCK SALT 1Kg JIVIKA ORGANICS,9680.0,85.0,113.88235294117646
NATURAL THICK CURD  POUCH 400 GMS ID FRESH,4642.0,97.0,47.855670103092784
NATURAL THICK CURD CUP 400g ID FRESH,1100.0,14.0,78.57142857142857
NAVARATAN MIXTURE 250g VELLANKI FOODS,21785.0,139.0,156.72661870503597
NEELAM MANGO Kg LOOSE,57965.95,382.65,151.4855612178231
NETHI BHERAKAI,19950.29,341.48,58.42301159657959
NUTMEG 50G,2480.0,31.0,80.0
NUTRI+ WITH IMMUNITY BOOSTERS - 30 EGGS TRAY ABHI EGGS,22910.0,58.0,395.0
NUTRI+ WITH IMMUNITY BOOSTERS - 6 EGGS PACK ABHI EGGS,8064.0,96.0,84.0
NUVULA KARAM FLYBERRY,31.9,0.06,531.6666666666666
NUVVULA CHIKKI 250g VELLANKI FOODS,23915.0,153.0,156.30718954248366
NUVVUNDALU 250g VELLANKI FOODS,12280.0,78.0,157.43589743589743
OKRA CHIPS VACUUM FRIED 20g FLYBERRY,196.0,4.0,49.0
OLIVE OIL 1LTR MESMARA,2997.0,3.0,999.0
OMANI SEEDLESS 250g FLYBERRY,5211.0,35.0,148.88571428571427
ONION,443523.94,13298.94,33.35032265729449
ONION WHITE,3798.56,84.43,44.99064313632594
ORANGE DRAGES KG LOOSE FLYBERRY,322.28,0.12,2685.6666666666665
ORANGE JUICE,120.0,1.0,120.0
ORGANIC CURD. 1KG TUB AKSHAYAKALPA,12555.0,81.0,155.0
ORGANIC GREEK YOGHURT NATURAL 100g AKSHAYAKALPA,2940.0,49.0,60.0
ORGANIC MALAI PANEER 200g AKSHAYAKALPA,32593.0,233.0,139.88412017167383
ORGANIC- CHEESE SLICES AKSHAYAKALPA,2160.0,18.0,120.0
ORGANIC-PROBIOTIC CURD AKSHAYAKALPA,15675.0,285.0,55.0
OUTSIDE YELLOW MELON Kg,6451.6,161.7,39.898577612863335
PALAK GREEN,163396.09,1822.96,89.63229582656777
PALLI GROUND NUT KARAM 100g VELLANKI FOODS,1628.0,25.0,65.12
PALLI PEANUT CHIKKI 250g VELLANKI FOODS,45715.0,303.0,150.87458745874588
PALLI PEANUT VUNDALU 250g VELLANKI FOODS,12400.0,82.0,151.21951219512195
PANASA POTTU,6240.0,97.6,63.9344262295082
PANDU MIRAPAKAI PICKLE 500g AHA,525.0,3.0,175.0
PANDUMIRAPAKAYA 250g PICKLE AHA,1170.0,13.0,90.0
PANEER 200G HERITAGE,163385.4,1407.0,116.1232409381663
PANEER 200G ID FRESH,39895.0,302.0,132.10264900662253
PANEER 200g SINGLE BLOCK MILKY MIST,35820.2,280.0,127.9292857142857
PANEER 500G HERITAGE,123009.96,448.0,274.5758035714286
PANEER 500g MILKY MIST,7660.0,24.0,319.1666666666667
PAPPAYA,223167.08,3768.19,59.22394571399
PAPPAYA JUICE,1550.0,31.0,50.0
PARSLEY PACK,50.0,1.0,50.0
PARVAL,26222.33,349.78,74.96806564126022
PASTEURISED BUTTER 100g AMUL,5954.0,97.0,61.381443298969074
PASUPU KOMMULU,6793.03,37.56,180.8580937167199
PEANUT OIL 1LT COLD PRESSED JIVIKA ORGANICS,9800.0,20.0,490.0
PERI PERI CASHEW FLYBERRY,575.0999999999999,0.33,1742.7272727272723
PERSIMMON FRUIT,4298.29,5.8,741.0844827586207
PGB SOYA CHUNKS 200G MEDIUM,1260.0,18.0,70.0
PGB SOYA CHUNKS SMALL 200G,1400.0,20.0,70.0
PHOOL MAKHANA 250g,0.0,1.0,0.0
PINE APPLE,66681.0,706.0,94.44900849858357
PINE APPLE JUICE,6900.0,70.0,98.57142857142857
PINK LADY APPLE,236727.24,648.13,365.2465400459784
PISTA FLAVOURED MILK 200ML HERITAGE,7080.0,236.0,30.0
PISTA GREEN SHELLED KG FLYBERRY,27287.05,10.14,2691.0305719921103
PLAIN BUTTER MILK 200ML UHT AKSHAYA KALPA,6330.0,212.0,29.858490566037737
PLAIN CUP PAPAD 200G EVR,468.0,9.0,52.0
PLUMS LOCAL BOX ANAND,3554.0,50.0,71.08
POHA MEDIUM 500g,11552.25,212.0,54.491745283018865
POKCHOY LEAF SAMBERRY,1061.06,4.66,227.69527896995706
POMEGRANATE CANE,500.0,5.0,100.0
POMEGRANATE JUICE,12420.0,69.0,180.0
POMEGRANATE SEEDS,1089.0,11.0,99.0
PONAGANTI KURA,7518.32,107.18,70.14666915469303
POOJA GINGELLY OIL 1LTR,5940.0,22.0,270.0
POOJA OIL 500ML,3892.0,28.0,139.0
POOJA PATRI PACK,1947.0,59.0,33.0
POPU SEEDS LOOSE,100.0,1.0,100.0
POTATO,487956.76,9951.98,49.031123454830094
POTATO CHIPS 200G EVR,680.0,10.0,68.0
PREMIUM FREEZE DIRED COFFEE 50gm JAR CONTINENTAL,1200.0,4.0,300.0
PREMIUM MILK BREAD 400g SPENCERS AKSHAYA  FOODS,43120.0,784.0,55.0
PREMIUM SANDWICH BREAD 400g SPENCERS AKSHAYA FOODS ENGLISH RECIPE,5555.0,101.0,55.0
PRM BROWN BREAD 400g MR BREADY NANDAS,2145.0,39.0,55.0
PRM CHITTIMUTYALU RICE 1KG GAJANAN,850.0,5.0,170.0
PRM HMT RAW RICE 26KG BAG GAJANAN,43428.0,24.0,1809.5
PRM HMT RICE 26KG BAG GAJANAN,8210.0,5.0,1642.0
PROSO MILLET VARIGALU 500g,3750.0,25.0,150.0
PUDHINA,35355.33,556.6,63.520176068990295
PULIHORA PASTE 250G VELLANKI FOODS,2665.0,23.0,115.8695652173913
PUMPKIN,47868.92,1242.06,38.53994170974027
PUMPKIN SEEDS KG FLYBERRY,23855.56,21.79,1094.79394217531
PURE O FRESH EGGS 30 pack,196234.74,787.0,249.34528589580685
PURE O FRESH EGGS 6 PACK,100072.8,1855.0,53.94760107816712
PUTNALU KOBBARIKARAM 250g AHA,360.0,3.0,120.0
Pomogranate Pack of 4,29393.0,127.0,231.44094488188978
QUINOA SEEDS KGS FLYBERRY,55.8,0.12,465.0
RAGI FLOUR 500G,8124.0,169.0,48.071005917159766
RAGULU 500g,3240.0,72.0,45.0
RAISIN N ALMOND 150G CHOCOLATE AMUL,2750.0,11.0,250.0
RASAM PODI 100g VELLANKI FOODS,728.0,12.0,60.666666666666664
RAW BANANA(GREEN PLANTIN),128694.31999999999,2133.14,60.33092999053039
RAW HONEY 500g BT ROYAL BEE PON,1140.0,3.0,380.0
RAW HONEY 950G BT ROYAL BEE PON,2160.0,3.0,720.0
RAW MANGO,61097.94,999.98,61.09916198323967
RAW PEANUT 1KG,29674.0,175.0,169.56571428571428
RAW PEANUT500g,24895.5,280.0,88.9125
RED BANTHI POOLU KGS LOOSE,1451.33,8.11,178.95561035758323
RED BULL CAN 250ml,3000.0,24.0,125.0
RED CHERRY FLYBERRY,5771.13,9.78,590.0950920245399
RED CHILLI PAPAD 200G EVR,408.0,6.0,68.0
RED CHILLI PICKLE 250G VELLANKI FOODS,2295.0,19.0,120.78947368421052
RED LOBIYA 500g,4270.0,45.0,94.88888888888889
RED RAJMA 500g,4900.0,49.0,100.0
RED RICE 1KG,1183.0,11.0,107.54545454545455
RED SEEDLESS GRAPES,122.95,0.28,439.10714285714283
REDCHILLY,33.49,0.6,55.81666666666667
RIBBON PAKODI 250g VELLANKI FOODS,32950.0,232.0,142.02586206896552
RICE FLOUR 500G,6495.0,135.0,48.111111111111114
RICE RAVA IDLY BATTER 1KG ID FRESH,6175.0,66.0,93.56060606060606
RICE RAWA 500g,3320.0,83.0,40.0
RIDGE GOURD,368571.19,6459.72,57.05683682884088
ROASTED CHANA 200G,500.0,10.0,50.0
ROASTED SALTED ALMOND  KGS FLYBERRY,174.9,0.11,1590.0
ROASTED SALTED PISTA KG FLYBERRY,27159.99,14.81,1833.8953409858204
ROMAIN LETTUCE KG ENGISH ITEM SAMBERRY,2468.75,9.71,254.2481977342945
ROSE FLOWER POOLU KG LOOSE,942.63,2.16,436.40277777777777
ROSE LONG BRINJAL,111942.42,1768.41,63.301168846591004
ROUND CHEKKALU 250g VELLANKI FOODS,160.0,1.0,160.0
RUBUSTA BANANA,204084.65,4378.63,46.609247641385544
RUMANI MANGO KG LOOSE,1788.97,20.04,89.26996007984033
Raw Forest Honey 1000g BT,5544.0,8.0,693.0
Raw Forest Honey 500g BT,8118.0,24.0,338.25
Raw Jamun Honey 1000g BT,3780.0,5.0,756.0
Raw Jamun Honey 500g BT,3168.0,8.0,396.0
Raw Neem Honey 1000g BT,3024.0,4.0,756.0
Raw Neem Honey 500g BT,3960.0,10.0,396.0
Raw Pappaya,1678.86,34.45,48.733236574746
Red Banana,23570.56,190.12,123.97727750894173
Royalaga Pack of 4,27061.0,182.0,148.6868131868132
SABJA SEEDS KG FLYBERRY,3184.2400000000002,6.0,530.7066666666667
SABUDANA 250g,4110.0,98.0,41.93877551020408
SAFFLOWER OIL 1Lt. COLD PRESSED MESMARA,3240.0,6.0,540.0
SAMBAR ONION CHENNAI,846.72,8.82,96.0
SAMBAR PODI 100g VELLANKI FOODS,1392.0,23.0,60.52173913043478
SAMBAR  ONION,14163.039999999999,362.21999999999997,39.10065705924576
SANNAPOOSA 250g VELLANKI FOODS,20310.0,143.0,142.02797202797203
SAUNF 100gm EVR,225.0,5.0,45.0
SESAME OIL 1Lt COLD PRESSED JIVIKA ORGANICS,9450.0,18.0,525.0
SET CURD 1kg BUCKET MILKY MIST,24120.0,201.0,120.0
SET CURD 200g MILKY MIST,2178.0,66.0,33.0
SET CURD 400g MILKY MIST,4355.0,67.0,65.0
SHAH JEERA 50g,9960.0,119.0,83.69747899159664
SHRIKAND ELAICHI 100g MILKY MIST,630.0,14.0,45.0
SHRIKAND MANGO 100g MILKY MIST,855.0,19.0,45.0
SID FARMS MALAI PANEER 200g,47993.0,397.0,120.88916876574308
SIMLA APPLE,29255.1,142.4,205.44311797752806
SINGLE POLISH RICE 1Kg,3840.0,48.0,80.0
SINGLE POLISH RICE 5Kg,15405.0,39.0,395.0
SKYR YOGHURT 100g MILKYMIST,2280.0,38.0,60.0
SMALL AMLA,354.14,3.13,113.14376996805112
SMALL CAPSICUM,21541.67,250.42,86.02216276655219
SNAKE GOURD,30806.8,433.94,70.99322486979767
SOAN PATTI 250g VELLANKI FOODS,4245.0,24.0,176.875
SONA MASURI TELANGANA STEAM RICE 26KG GAJANAN,7750.0,5.0,1550.0
SOYA CHUNKS MEDIUM 200G EVR,6485.0,115.0,56.391304347826086
SOYA CHUNKS SMALL 200G EVR,5247.9,125.0,41.9832
SOYAKURA,1401.56,20.21,69.34982681840673
SPECIAL  LONG LIFE MILK 500ML HERITAGE,25423.0,747.0,34.0334672021419
SPECIAL LONG LIFE COW MILK 180ML HERITAGE,7878.39,634.0,12.426482649842272
SPECIALE COFFEE 200g JAR CONTINENTAL,749.0,1.0,749.0
SPICE ALMOND DRAGEE KG LOOSE FLYBERRY,373.83,0.17,2198.9999999999995
SPICE BUTTER MILK 200ml UHT AKSHAYA KALPA,8430.0,281.0,30.0
SPICED TARO CHIPS 30g FLYBERRY GOURMET,99.0,1.0,99.0
SPICY ALOO CHIPS 100g VELLANKI FOODS,14325.0,227.0,63.1057268722467
SPRITE 600ML,480.0,12.0,40.0
SPRITE PET  250ML,2360.0,119.0,19.831932773109244
SPROUTED RAGI FLOUR 500GMS SRI AHARYA,552.0,8.0,69.0
SRI DIVYA DEEPARDHANA OIL 910 ML,380.0,2.0,190.0
SRI LALITHA BROWN RICE 5KG SONAMASOORI,830.0,2.0,415.0
SRI LALITHA HMT RICE 10KG,3560.0,4.0,890.0
SRI LALITHA HMT RICE 26KG,1670.0,1.0,1670.0
SRI LALITHA IDLY RAVA 1KG,600.0,10.0,60.0
STAR FRUIT,1068.0,12.0,89.0
STAR PAPAD 200G EVR,384.0,8.0,48.0
STRAWBERRY FLAVOURED MILK 180ML HERITAGE,7336.0,254.0,28.881889763779526
STRAWBERRY LOCAL ANAND BOX,518.0,7.0,74.0
SUGAR 1 KG,11764.0,223.0,52.75336322869955
SUGAR 2 KG,3960.0,40.0,99.0
SUGAR CANE PACK,2632.0,94.0,28.0
SUGAR FREE DARK CHOCOLATE 150g AMUL,4000.0,20.0,200.0
SUN MELON YELLOW,46.73,1.3,35.94615384615384
SUNFLOWER OIL 1LT COLD PRESSED MESMARA,8145.0,15.0,543.0
SUNFLOWER OIL 1Lt COLD PRESSED JIVIKA ORGANICS,11040.0,24.0,460.0
SUNFLOWER OIL COLDPRESSED 5L MESMARA,2690.0,1.0,2690.0
SUNFLOWER SEEDS KG FLYBERRY,12082.1,12.73,949.1044776119403
SWEET ALMOND OIL100ML MESMARA,1347.0,3.0,449.0
SWEET CORN,102729.3,7012.0,14.650499144324016
SWEET CORN SEED,20500.0,410.0,50.0
SWEET POTATO,130210.12,2245.13,57.996695068882424
Small Bitter Gourd,26423.58,414.24,63.78809385863268
Snake Gourd Small,79.6,2.01,39.601990049751244
TABLE BUTTER 100g HERITAGE,7228.0,120.0,60.233333333333334
TABLE BUTTER 500G HERITAGE,2095.0,8.0,261.875
TABLE BUTTER CHIPLITE MILKY MIST,4437.54,57.0,77.85157894736842
TABLE BUTTER SALTED 100g MILKY MIST,1718.0,23.0,74.69565217391305
TABLE BUTTER SALTED 200G MILKY MIST,1895.0,13.0,145.76923076923077
TAMARIND 500g,11245.0,97.0,115.9278350515464
TAMARIND PICKLE 250g AHA,810.0,9.0,90.0
TAMARIND PICKLE 500g AHA,175.0,1.0,175.0
TAMARIND PICKLE250G VELLANKI FOODS,220.0,2.0,110.0
TAMARIND SEEDLESS 500g SRI SIVA RUDRA EVR,17571.75,116.0,151.48060344827587
TAPESWARAM KAJA 250g VELLANKI FOODS,14340.0,101.0,141.98019801980197
TATA IODISED CRYSTAL SALT 1KG,440.0,20.0,22.0
TATA SALT 1KG,4378.5,146.0,29.98972602739726
TEENDA,1501.77,16.04,93.62655860349128
TELANGANA CHEKKALU 250g  VELLANKI FOODS,55106.0,419.0,131.5178997613365
THADKA MIX POPU DINUSULU 200G,48.0,1.0,48.0
THAI RED CHILLI KG ENGLISH ITEM SAMBERRY,561.72,0.61,920.8524590163935
THAMALAPAKULU,155.0,155.0,1.0
THIS CREAMY CARAMEL 18G CONTINENTAL,150.0,15.0,10.0
THIS CREAMY COFFEE MOCHA 22g CONTINENETAL,950.0,25.0,38.0
THIS IS CAPPUCCINO 22g CONTINENTAL,150.0,5.0,30.0
THIS IS CARAMEL CREAMY COFFEE22g CONTINENTAL,300.0,10.0,30.0
THOTAPURI MANGO,34772.34,502.01,69.26622975637935
THREE MANGO MIRCHI  PWD 500G,5232.0,14.0,373.7142857142857
THREE MANGO MIRCHI PWD 200G,290.0,2.0,145.0
THREE MANGO RAI PWD 200G,126.0,3.0,42.0
THREE MANGO RAI PWD 500G,309.0,4.0,77.25
THUMMIKURA,279.97,2.83,98.92932862190814
THUMS UP  600ml PET BOTTLE,360.0,9.0,40.0
THUMS UP 1.25L,68.0,1.0,68.0
THUMS UP 1Lt PET BOTTLE,600.0,12.0,50.0
THUMS UP 250ML,4220.0,220.0,19.181818181818183
TIL 100G,4755.0,121.0,39.29752066115702
TNS DATES 200g,450.0,5.0,90.0
TOFU PANEER 200g SAI RATNA FOODS,750.5,17.0,44.14705882352941
TOMATO (APPLE) hybrid,29094.51,520.95,55.84894903541606
TOMATO LOCAL,815238.32,19317.54,42.20197395734653
TOMATO PICKLE  250g AHA,1440.0,16.0,90.0
TOMATO PICKLE  500g AHA,525.0,3.0,175.0
TOMATO PICKLE 250G VELLANKI FOODS,1190.0,10.0,119.0
TONED MILK 500ml HERITAGE,401154.05,14652.0,27.37879129129129
TOOR  DAL FATKA POLISHED 1kg,23307.0,145.0,160.73793103448276
TOOR DAL PRM UNPOLISHED FATKA 1KG,24365.0,147.0,165.7482993197279
TOP MILLET ANDU KORRALU 500G,3600.0,24.0,150.0
TOTAL CURD 120GMS HERITAGE,19790.0,1979.0,10.0
TRIANGLE PAPAD 200G EVR,432.0,9.0,48.0
TURNIPS KG ENGLISH ITEM SAMBERRY,0.0,0.35,0.0
TUTTI FRUITY KG FLYBERRY,467.94,1.42,329.53521126760563
Thotakura,50208.8,782.36,64.17608262181093
Tulsi Infused Honey 250g BT,5184.0,18.0,288.0
Tulsi Infused Honey 500g BT,1080.0,2.0,540.0
UHT BUTTER MILK 180ML MILKY MIST,3260.0,163.0,20.0
ULAVACHARU 250g HASSTA,38286.0,372.0,102.91935483870968
URAD BLACK SPLIT 500g,935.0,11.0,85.0
URAD BLACK WHOLE 500G,1020.0,12.0,85.0
URAD DAL UNPOLISHED 500g,4950.0,55.0,90.0
URAD ROUND UN POLISHED 1kg,17019.75,104.0,163.65144230769232
USA FUJI APPLE,305790.4,732.75,417.31886728079155
VAAKKAI,3978.69,41.28,96.38299418604652
VAMPOOSA 250g VELLANKI FOODS,42759.0,301.0,142.0564784053156
VANILLA FLAVOURED MIILK 180ML HERITAGE,510.0,17.0,30.0
VARI NUKA AISHWARYA 500G,60.0,2.0,30.0
VELLANIKI BITTER GOURD PAKODA 150G,1938.0,19.0,102.0
VELLANKI  PESARA MURKULU 250G,8670.0,59.0,146.94915254237287
VELLANKI AVISELA  CHIKKI 250G,6240.0,42.0,148.57142857142858
VELLANKI HEALTHY LADDU 250G,12010.0,70.0,171.57142857142858
VELLANKI JONNA MURKULU 250G,13975.0,91.0,153.57142857142858
VELLANKI JOWARI FLAKES 250G,15528.45,101.0,153.7470297029703
VELLANKI KAKARAKAYA CHIPS 150G,2880.0,30.0,96.0
VELLANKI MILLET BOONDI ACTHU 250g,6530.0,43.0,151.86046511627907
VELLANKI MILLET MIXTURE 250g,13769.5,98.0,140.50510204081633
VELLANKI MILLET MURKULU 250g,11585.0,91.0,127.3076923076923
VELLANKI MULTI SEEDS CHIKI 250g,12880.0,54.0,238.5185185185185
VELLANKI VAM MURKULU 250g,12057.6,79.0,152.62784810126584
VELLANLI RAGI RIBBON PAKODI 150G,1530.0,17.0,90.0
VENNA VUNDALU 250GMS VELLANKI FOODS,22545.0,154.0,146.3961038961039
VINAYAKA VIGRAHAM 12 INCH,590.0,5.0,118.0
VINAYAKA VIGRAHAM 8 INCH,801.0,9.0,89.0
VIRGIN COCONUT OIL 200ml AKSHAYA KALPA,2890.0,10.0,289.0
VITAMIN D3  WITH IMMUNITY BOOSTERS - 6 EGGS PACK  ABHI EGGS,10152.0,108.0,94.0
VITAMIN D3 IMMUNITY BOOSTER 30PC PACK ABHI EGGS,18900.0,42.0,450.0
Vakai Box,3200.0,64.0,50.0
WALNUT PREMIUM KGS FLYBERRY,47750.4,20.08,2378.00796812749
WALNUT REGULAR  KGS FLYBERRY,32957.28,18.41,1790.1835958718086
WASHINGTON APPLE,164479.34,483.27,340.3466799097813
WATER APPLE BOX,2139.0,23.0,93.0
WATER MELON PLATE,60.0,2.0,30.0
WATERMELON JUICE,8250.0,165.0,50.0
WHEAT CHAPATI 390G 10PC ID FRESH,14929.0,192.0,77.75520833333333
WHEAT GRASS,78.0,2.0,39.0
WHEAT PAROTA 5PC 400G ID FRESH,13287.5,121.0,109.81404958677686
WHEAT RAWA MEDIUM 500g,9720.0,216.0,45.0
WHEELS PAPAD 200g EVR,480.0,10.0,48.0
WHITE JOWAR 500g,2700.0,55.0,49.09090909090909
WHITE JOWAR RAWA 500g,200.0,4.0,50.0
WHITE JOWAR SORGHUM RAWA 500GMS SRI AHARYA,483.0,7.0,69.0
WHITE LOBIYA 500g,5035.0,57.0,88.33333333333333
WHITE PAV 200g SPENCERS AKSHAYA FOODS,2220.0,74.0,30.0
WHITE RADISH,32145.68,571.17,56.28040688411507
WHITE RAJMA 500g,2730.0,27.0,101.11111111111111
WHITE ROUND BRINJAL,93133.33,1394.09,66.80582315345495
WHITE SEEDLESS GRAPES,66994.76,477.94,140.17399673599195
WHOLE MEAL BROWN BREAD 400g SPENCERS AKSHAYA FOODS,27445.0,499.0,55.0
WHOLE WHEAT BREAD 400g  SPENCERS AKSHAYA FOODS,21065.0,383.0,55.0
WHOLE WHEAT BREAD 400g MR BREADY NANDAS,275.0,5.0,55.0
WOOD APPLE,2634.79,26.61,99.01503194287862
WORKOUT TRAIL MIX KG FLYBERRY,11347.2,7.08,1602.7118644067798
XTRA 200g JAR CONTINENTAL,2200.0,4.0,550.0
XTRA 50gm POUCH  CONTINENTAL,3064.8,18.0,170.26666666666668
XTRA SACHET 2.3G CONTINENTAL,2112.0,1056.0,2.0
YELLOW BANTHI POOLU KGS LOOSE,1449.43,8.24,175.9016990291262
YELLOW CAULIFLOWER PC,45.0,1.0,45.0
YELLOW DRAGON KG LOOSE,1206.48,4.57,264.0
YELLOW JOWAR 500g,1920.0,32.0,60.0
YELLOW JOWAR SORGHUM RAWA 500G SRI AHARYA,760.0,8.0,95.0
YELLOW MELON,1210.02,31.02,39.007736943907155
YOGHURT  MANGO MILKYMIST,3990.0,133.0,30.0
YOGHURT PEACH 100GM MILKYMIST,3030.0,92.0,32.93478260869565
YOGHURT STRAWBERRY MILKYMIST,4230.0,142.0,29.788732394366196
YOGURT MANGO 90g AKSHAYA KALPA,2580.0,43.0,60.0
ZUCCHIINI GREEN ENGLISH ITEM SAMBERRY,8914.9,41.15,216.64398541919806
ZUCCHINI YELLOW ENGLISH ITEM SAMBERRY,9121.460000000001,37.13,245.66280635604633
chinna menthi,11743.22,132.79,88.43452067173733
chintakayalu,2862.24,32.6,87.79877300613497
chukkakura,46275.08,527.98,87.64551687563923
gangavyalukura,1272.93,18.43,69.06836679327185
koyakura,75.06,1.26,59.57142857142857
mulagaku,18.06,0.14,128.99999999999997
pink Dragon Fruit,39459.03,211.0,187.00962085308058
red thotakura,311.15,4.17,74.61630695443645
simla mirchi bajji,1610.96,17.25,93.38898550724637
