product,cv_percent,xyz_class
A2 BUFFALO MILK 500ml SIDS FARM,34.02160980668578,X
AA KAKARAKAI,44.54542906095282,X
AASHIRVAAD ATTA 1KG,65.16969609131722,Y
AASHIRVAAD CRYSTAL SALT 1KG,41.48547462378073,X
AASHIRVAAD SALT 1KG,53.70491995592508,Y
AASHIRVAD ATTA 2KG,56.84438201265648,Y
AASHIRVAD CHILLI PWD 100G,0.0,X
AASHIRVAD CHILLI PWD 200G,72.00822998230957,Y
AASHIRVAD CHILLI PWD 500G,0.0,X
AASHIRVAD CORIANDER PWD 100G,37.73077140890591,X
AASHIRVAD CORIANDER PWD 200G,40.0,X
AASHIRVAD MULITGRAIN ATTA 1KG,46.594970183657395,X
AASHIRVAD SELECT ATTA 1KG,50.20509337467399,Y
AASHIRVAD TURMERIC PWD 100G,59.00850540875558,Y
ABC CANE JUICE,65.2096215051284,Y
AFGHANI RAISINS KGS FLYBERRY,55.051595208961736,Y
AGMARK GHEE 500 ML HERITAGE,32.15419403404052,X
AJWA DATES KGS FLYBERRY LOOSE KGS,52.06833117271103,Y
AJWAIN 100g,50.58807273296586,Y
AK COUNTRY EGGS 6PC PACK AKSHAYA KALPA,28.527302786684807,X
AK ORGANIC HIGH PROTEIN PANEER 200g,78.16145343305845,Y
AKSHAYA KALPA ORGANIC COW GHEE 195ml,25.753937681885642,X
AKSHAYA MULTI FLORAL RAW HOENY 250g,24.095856821454444,X
AKSHAYAKALPA TABLE BUTTER SALTED 100g TUB ORGANIC,,Y
AKSHAYAKALPA UNSALTED TABLE BUTTER 100g TUB ORGANIC,0.0,X
AKSHYAKALPA ORGANIC TONED MILK UHT 1Lt. TETRA,0.0,X
ALMOND DRAGES KG LOOSE FLYBERRY,40.91005634077805,X
ALMOND MILK 1Lt UNSWEETENED EPIGAMIA,0.0,X
ALMOND REGULAR  250 GM,40.0,X
ALMONDO 200g CHOCOLATE AMUL,0.0,X
ALMONDO BAR 35g CHOCOLATE AMUL,68.45959970654188,Y
ALPHONSO LOCAL KG LOOSE,51.434649951380976,Y
ALPHONSO MANGO PC RATNAGIRI,121.26419001209506,Z
AMERI DATES KG FLYBERRY,31.774445465112127,X
AMLA,39.05483479645627,X
AMLA CANDY KG FLYBERRY,41.31359516741586,X
AMLA PICKLE  250g AHA,30.0,X
AMLA PICKLE  500g AHA,0.0,X
AMLA PICKLE 250GMS VELLANKI FOODS,36.700664510471796,X
AMRUTHA - A2 ORGANIC CURD. 500g AKSHAYAKALPA,55.97229048139683,Y
AMUL BUTTER 500G SALTED,0.0,X
AMUL CHEESE SPREAD PLAIN 200g,0.0,X
AMUL DARK CHOCOLATE 125G,44.94665749754947,X
AMUL FRUIT N NUT CHOCOLATE ILU 150g,33.364240464065276,X
AMUL INDIA TWILIGHT TRYST 125g,,Y
AMUL PROCESSED CHEESE BLOCK200g,0.0,X
ANAR,35.420852895103636,X
ANJEER BOX PACK ANAND,0.0,X
ANJUR JUICE,,Y
APPLE BARE,45.92525550550834,X
APPLE JUICE,54.110822483115996,Y
APPLE MILKSHAKES,33.071891388307385,X
APPLE ROYAL GALA,44.49379594357758,X
APRICOTS ORANGE TURKISH KG FLYBERRY,51.12705724424562,Y
ARTISANAL CURD 400g EPIGAMIA,0.0,X
ARTISANAL ORGANIC SET CURD 400g AKSHAYAKALPA,32.74958674508874,X
ASH GOURD,65.26188116469181,Y
ASH GOURD JUICE,,Y
ASL  IDLY & DOSA BATTER  1KG,,Y
ASPARAGUS KG SAMBERRY,71.735470555157,Y
AVOCADO IMP SAMBERRY,56.45465280809433,Y
AVOCADO JUICE,0.0,X
AVOCADO LOCAL,73.17137847450626,Y
Akshayakalpa Organic Ghee 490ml,26.646935501059648,X
Alubukhar LOOSE KG FLYBERRY,72.3213520403315,Y
Apple Milk Shake,63.887656499993994,Y
BABY CORN PEELED,56.40712662105412,Y
BABY CORN PEELED SAMBERRY,55.90946204325722,Y
BABY ORANGE,40.03338850048223,X
BABY POTATO,67.47669932767442,Y
BACHALAKURA,53.182021004152126,Y
BADAM FLAVOURED MILK 180ML  PP BOTTLE HERITAGE,69.43845282617619,Y
BAILLEY  WATER 1LTR,66.33033875799416,Y
BAILLEY WATER  500ML,237.69868067598026,Z
BAJRA FLOUR 500G,49.07174048559632,X
BAMBINO ROASTED VERMICELI 500G,0.0,X
BAMBINO ROASTED VERMICELLI 800G,37.26779962499649,X
BAMBINO VERMICELLI 500GM,37.26779962499649,X
BANANA CASHEWNUT LOAF 350g KALSAN FOODS,46.556059397963075,X
BANANA CHOCOCHIP LOAF 350g KALSAN FOODS,50.590503275448576,Y
BANANA FLOWER,43.38235838196392,X
BANANA LEAF,106.00707523557094,Z
BANANA TREE,70.71067811865476,Y
BANANAJUICE,44.96189869253282,X
BANANAS 30g FLYBERRY GOURMET,39.18654286045621,X
BANDARU HALWA 250g VELLANKI FOODS,32.167998216034356,X
BANGINAPALLI MANGO LOOSE KGS,43.68732270648209,X
BARNYARD MILLET UDALU 500G,32.869928093458725,X
BASIL LEAF KG ENGLISH ITEM SAMBERRY,71.5581066482269,Y
BASMATHI RICE 1KG,46.691844640536736,X
BAT PAPAD 200G EVR,30.0,X
BEAUTY PEARS,55.20410512248297,Y
BEET ROOT,27.80733758756578,X
BELGIAN CHOCOLATE 125g AMUL,35.136418446315325,X
BELLAM KOMMULU 250g VELLANKI FOODS,45.22120788115481,X
BELLAM SUNNIVUNDALU 250g VELLANKI FOODS,41.81096821812244,X
BESAN 500g,58.457306294212444,Y
BIG BRINJAL BLUE,61.12053582956594,Y
BIRYANI LEAFS 50G,38.1215850788474,X
BITTER CHOCOLATE 150g 90% BITTER AMUL,30.0,X
BITTER CHOCOLATE 150g AMUL,25.753937681885642,X
BITTER GAURD KARAM PODI 100g VELLANKI FOODS,0.0,X
BITTER GOURD,45.32251720078673,X
BITTER GUARD PICKLE 250G VELLANKI FOODS,0.0,X
BLACK GRAPES,67.53763570526047,Y
BLACK PEPPER WHOLE 50G,58.88860958248203,Y
BLACK ROUND BRINJAL,41.40004329770944,X
BLACK SEEDED GRAPES,70.7842311869952,Y
BLUE BERRY,52.02494770585518,Y
BOMBAY RAWA 500g,56.29052595834963,Y
BOMBAY RAWA1Kg,51.94109178279095,Y
BOONDI 250g VELLANKI FOODS,54.12658284956816,Y
BOONDI LADDU 250g VELLANKI FOODS,57.11334357012756,Y
BOONDI MITAI ATCHU 250g VELLANKI FOODS,49.013652788861364,X
BOORELU 250g VELLANKI FOODS,40.856831411500934,X
BOTTLE GOURD,28.53279270010948,X
BRINTAN TOFU PANEER 200G,,Y
BRITANNIA MILK BIKIS 71GM,,Y
BROWN ANJEER BOX TURKEY,51.28886577218314,Y
BROWN CHANA 500g,65.79397079905642,Y
BROWN EGGS 6PC UPF HEALTHY U N V,38.73976597152428,X
BROWN RICE 5kg,0.0,X
BROWN RICE HMT 1kg,52.76127946460577,Y
BUFFALO CURD 400g SIDS FARM,54.90804248453184,Y
BUFFALO GHEE 250g  VELLANKI FOODS,65.7079879507474,Y
BUFFALO GHEE 350g SIDS FARM,48.0026291003805,X
BUFFALO GHEE 500ml JIVIKA ORGANICS,0.0,X
BUSH BEANS,34.379758834308,X
BUTTER GARLIC N HERBS 100g AMUL,42.58355454579461,X
BUTTER MILK 170ML HERITAGE SACHET,127.27922061357854,Z
BUTTER MILK PLAIN 200ml POUCH AKSHAYA KALPA,72.7371822001554,Y
BUTTER MILK SPICED 200ml POUCH AKSHAYA KALPA,70.6739925497217,Y
BUTTER SCHOOL PACK 100g AMUL,53.55710631058811,Y
BUTTER UNSALTED 500G AMUL,0.0,X
BUTTON MUSHROOM,33.299443283851026,X
Banana Stem,50.0902366647052,Y
Banana Yalakki,33.38702368098592,X
Beetroot Juice,33.36424046406527,X
Black Chilly,28.07050114702907,X
CABBAGE,39.630769021202724,X
CALIFORINA RED GRAPES,67.59772468751349,Y
CALIFORNIA BLACK seedless GRAPES,,Y
CALIFORNIAN ALMOND PREMIUM KG FLYBERRY,76.21788920344711,Y
CALIFORNIAN ALMOND REGULAR KG  FLYBERRY,80.93524016339214,Y
CAPSICUM,35.95455552711099,X
CAPSICUM RED SAMBERRY,55.57992759433,Y
CAPSICUM YELLOW SAMBERRY,58.311301440876065,Y
CARROT,25.288681608639003,X
CARROT JUICE,95.32649767239323,Y
CARROT N BEETROOT JUICE,49.69039949999532,X
CARRY BAG 8Kg HOLDING CAPACITY,32.299580970597866,X
CARRY BAG MEDIUM 5Kg HOLDING CAPACITY,20.052233807619977,X
CARRY BAG SML 1Kg HOLDING CAPACITY,0.0,X
CASHEW 320 COUNT 250 GM,0.0,X
CASHEW 320 KG FLYBERRY,87.73284322534957,Y
CASHEW BROKEN 2 PIECE  KGSFLYBERRY,102.58756182369444,Z
CASHEW TIKKA FLAVOUR FLYBERRY,77.00196234684007,Y
CASHEW WITH CHOCO COATED FLYBERRY,6.734350297014739,X
CAULIFLOWER,34.660222945698024,X
CDM CRACKLE 36G,,Y
CHAKKI ATTA GODHUMA PINDI 1Kg,38.72983346207416,X
CHAMA DUMPA,48.0339484983335,X
CHAMANTHI FLOWERS POOLU KG LOOSE,10.370899457402706,X
CHANA DAL 1Kg,31.180478223116186,X
CHANA DAL 250g VELLANKI FOODS,39.98046397929868,X
CHANA DAL 500g,46.24315753385275,X
CHAT MURMURA 500 GM,43.428189338848476,X
CHEDDAR CHEESE 200g MILKY MIST,0.0,X
CHEESE BLOCK 200G HERITAGE,40.78187167961161,X
CHEESE BLOCK 200G MILKY MIST,28.747978728803446,X
CHEESE CUBES 120g HERITAGE,0.0,X
CHEESE CUBES 120g MILKY MIST,0.0,X
CHEESE CUBES 200g MILKY MIST,0.0,X
CHEESE EASY OPEN CHIPLET CUBES 60X8X25g AMUL,0.0,X
CHEESE SLICE 100G MILKY MIST,45.87364295749549,X
CHEESE SLICES 100g AMUL 5PC PACK,48.272375353013466,X
CHEESE SLICES 100g HERITAGE,52.0126331736996,Y
CHEESE SLICES 200g AMUL 10PC PACK,55.675252317782565,Y
CHEESE SLICES 200g HERITAGE,31.42696805273545,X
CHEESE SLICES 200g MILKYMIST,45.833199123684196,X
CHEESE SPREAD 200g AMUL,0.0,X
CHEESE SPREAD GARLI 200g MILKY MIST,0.0,X
CHEESE SPREAD GARLIC200G AMUL,0.0,X
CHEESE SPREAD NATURAL OR PLAIN 200g MILKYMIST,0.0,X
CHEESE SPREAD PEPPER 200g MILKY MIST,0.0,X
CHEGODI 250g VELLANKI FOODS,53.574249069853444,Y
CHEKKARAKELI BANANA,41.26795256816545,X
CHERRY LOCAL ANAND,43.78681714101218,X
CHERRY TOMATO KG RED SAMBERRY,46.93279608272866,X
CHERUKU GADDALU,61.282587702834114,Y
CHERUKU RASALU KG LOOSE,62.05110669190768,Y
CHIA SEEDS KGS FLYBERRY,64.77528107360126,Y
CHICKEN BONE LESS PICKLE 250g VELLANKI FOODS,0.0,X
CHICKPEAS 50g FLYBERRY GOURMET,0.0,X
CHICOOS SAPOTA JUICE,50.636726360924776,Y
CHICOOS(Sapota),61.82255271303402,Y
CHIKKUDU SEED PACK,56.768639938913104,Y
CHIKKUDUKAI,48.07130463890267,X
CHIKKUDUKAYA PICKLE 250g AHA,0.0,X
CHINNA RASALU KG LOOSE,58.624307429041465,Y
CHINTA CHIGURU,65.53664599116287,Y
CHOCOLATE 150G HBD PACK AMUL,24.944382578492945,X
CHOCOLATE MILK SHAKE 180ML HERITAGE,66.00987048250852,Y
CHOUSA MANGO KG LOOSE,83.91385741614033,Y
CHOWCHOW,60.27225814384059,Y
CINNAMON DALCHINI KG FLYBERRY,60.233860193683405,Y
CLOVES 50g,41.21408147557135,X
CLUSTER BEANS,45.75000503024172,X
COCONUT,56.90848460667851,Y
COCONUT KARAM 100G  VELLANKI FOODS,27.638539919628336,X
COCONUT MANGO,47.91756709071913,X
COCONUT MILK YOGURT-BLUEBERRY EPIGAMIA,,Y
COCONUT SLICE KGS FLYBERRY,49.95201779340503,X
COFFEE XTRA 100g JAR INSTANT SOUTH BLEND CONTINENTAL,0.0,X
COKE 250ML,46.6897290187869,X
COLD PRESSED SUN DRIED COCONUT OIL 1LT MESMARA,0.0,X
COLD PRESSED WHITE SESAME OIL 500ML MESMARA,0.0,X
COLOUR CUCUMBER,32.25397381274575,X
CONTINENTAL XTRA 50g JAR PLUS 25g JAR FREE SOUTH BLEND,56.568542494923804,Y
CONTINENTAL XTRA INSTANT SOUTH BLEND COFFEE 150g POUCH,35.136418446315325,X
COOKING BUTTER 100G MILKY MIST,56.71214484849564,Y
COOKING BUTTER 100g AMUL UNSALTED,57.05443307345479,Y
COOKING BUTTER 200G HERITAGE,32.6308708982949,X
COOKING BUTTER 500g HERITAGE,0.0,X
COOKING BUTTER UNSALTED 200g MILKY MIST,27.463672517136967,X
COOKING UNSALTED BUTTER 500g MILKY MIST,24.206145913796355,X
COPRA POWDER 100G EVR,49.4128223008309,X
CORIANDER,34.09997639018215,X
CORIANDER 200g,48.12564423184501,X
CORN FLAKES 200G EVR,30.0,X
CORN FLAKES MIXTURE250g VELLANKI FOODS,51.807683041662855,Y
CORN FLOUR 200g EVR,31.42696805273545,X
COW GHEE 200ml JAR AMUL HIGH AROMA,40.002434793197004,X
COW GHEE 250G VELLANKI FOODS,63.499135807949884,Y
COW GHEE 350g SIDS FARM,33.389243743998506,X
COW GHEE 500ml PET JAR MILKYMIST,0.0,X
COW MILK 500ML POUCH SIDS FARM,45.286414802110386,X
COW MILK 500ml GOLDEN HERITAGE,,Y
CREAMY COFFEE HAZELNUT 22g CONTINENTAL,0.0,X
CRUNCHY BANANA CHIPS 100g FLYBERRY,31.42696805273545,X
CRUNCHY BANANA CHIPS 250g FLYBERRY,0.0,X
CRUNCHY BANANA CHIPS 65g FLYBERRY,43.30127018922193,X
CUCUMBER,26.885795842913808,X
CUCUMBER WHITE,,Y
CUMIN JEERA KG FLYBERRY,63.461984442560215,Y
CURD 135g POUCH MILKY MIST,51.596903439193454,Y
CURD 500g POUCH HERITAGE,35.7072716455911,X
CURD CUP 200G HERITAGE,64.8422400887432,Y
CURD CUP 400GHERITAGE,59.44988141283045,Y
CURD POUCH 400g MILKY MIST,72.26111235757696,Y
CURD TUB 1KG HERITAGE,51.079993935920406,Y
CURRY LEAVES,30.59818374944842,X
CUSTARD APPLE ANAND,55.19316026338381,Y
DABBAKAI,54.22101211487944,Y
DALCHINI 50g,56.84201103302393,Y
DALMOTI 250g VELLANKI FOODS,52.21328067380109,Y
DAMPUDU BIYYAM 1Kg AISHWARYA,37.26779962499649,X
DARK CHOCOLATE 150g AMUL,55.075705472861024,Y
DARK CHOCOLATE 150g BEST WISHES AMUL,45.802579290051135,X
DASHERI MANGO KG LOOSE,43.98563981991307,X
DATE BITES 160g FLYBERRY,87.78580719465626,Y
DATES POWDER 180g FLYBERRY,55.901699437494734,Y
DEHYDRATED GINGER  KGS FLYBERRY,,Y
DEHYDRATED KIWI KG FLYBERRY,58.56429499361428,Y
DEHYDRATED MANGO KG FLYBERRY,57.862733217867046,Y
DEHYDRATED PAPAYA  KGS FLYBERRY,6.734350297014729,X
DEHYDRATED PINEAPPLE KG FLYBERRY,51.90316286273728,Y
DERI DATES KG FLYBERRY,101.51093978301414,Z
DESI COW GHEE 500ml JIVIKA ORGANICS,0.0,X
DIAMOND MISRI 200G,38.14285150605274,X
DILKUSH GRAPES KG LOOSE,60.5829230389337,Y
DISCO PUMPKIN,117.9092157985967,Z
DONDAKAI,29.7168219294767,X
DOODH PEDA 200g HERITAGE,54.013812573956955,Y
DOSA BATTER MIX 900g DSL,56.46557568144811,Y
DOSE WITH IMMUNITY BOOSTERS - 6 EGGS PACK ABHI EGGS,43.561624528694374,X
DOUBLE BEANS,,Y
DOUBLE HORSE URAD ROUND 1KG,63.19715508697278,Y
DR GOOD EGGS CAROTENOID 12 PACK,58.81922700160745,Y
DR GOOD EGGS CAROTENOID 30 PACK,42.91491782590013,X
DRAGAN FRUIT JUICE,47.14045207910317,X
DRAGON  FRUIT,56.77022479449645,Y
DRIED BLACKBERRY KG FLYBERRY,22.329687826943605,X
DRIED BLUEBERRY KG FLYBERRY,46.83279235477432,X
DRIED CRANBERRY WHOLE KG FLYBERRY,63.1195737015812,Y
DRIED DATES YELLOW250 GM,,Y
DRUMSTICK,29.39289928773445,X
DRY CHURRA KG FLYBERRY,65.26809048035105,Y
DRY COCONUT 250G EVR,45.82841374620669,X
DRY COCONUT KG FLYBERRY,58.71674903200436,Y
EGGS 12PS FARM MADE FREE RANGE U N V,58.40590134315974,Y
EGGS 6PC FARM MADE FREE RANGE U N V,52.93528359716865,Y
EGGS 6PC JUST LAID VN POULTRY,61.96614102018224,Y
EGGS 6PC UPF HEALTHY WHITE U N V,33.799408278844176,X
ELEPHANT FOREST HONEY 250G 1+1,39.123039821797576,X
ELEPHANT FOREST HONEY 500G 1+1,,Y
ELEPHANT SEEDED DATES 400G(CUPS) (1+1 OFFER),38.729833462074176,X
ELEPHANT SEEDLESS HONEY DATES400G+10,0.0,X
ELEPHANT YAM,67.60216914118341,Y
ENG ITEM BROCOLI SAMBERRY,45.432735821204204,X
ENG ITEM CELERY SAMBERRRY,193.71353323485005,Z
ENG ITEM CHINESE CABBAGE SAMBERRY,32.297651991250305,X
ENG ITEM COLOUR CABBAGE SAMBERRY,62.60289262080572,Y
ENG ITEM GREEN LETTUCE SAMBERRY,59.660097992484474,Y
ENG ITEM PARSLEY SAMBERRY,36.855612216864955,X
EUROPEN CUCUMBER,36.33723218368276,X
FIGS AFGHANI NORMAL KG FLYBERRY,73.89179557459255,Y
FILTER COFFE STRONG 5 10ml ID FRESH,,Y
FILTER COFFEE 150ML ID FRESH,0.0,X
FILTER COFFEE 150ML NEW BOLD ID FRESH,70.71067811865476,Y
FINGER CHIPS PAPAD 200G EVR,37.416573867739416,X
FLAX SEED OIL 1L MESMARA,0.0,X
FLAX SEEDS KGS FLYBERRY,64.47148154155745,Y
FLY BERRY DERI DATES 255g,95.07581584311208,Y
FLYBERRY CASHEW 4 PIECE,74.8761156392163,Y
FLYBERRY CRISPY SWEET CORN 12g,47.14045207910317,X
FLYBERRY CRUNCHY BANANA CHIPS 25g,0.0,X
FLYBERRY DREAMY DERI DATES 220g,48.8575684475718,X
FLYBERRY DREAMY DERI DATES 400G,40.80230387127043,X
FLYBERRY KNOCKOUT KALMI DATES 200g,0.0,X
FLYBERRY KNOCKOUT KALMI DATES 400g,37.63993960049205,X
FLYBERRY MEDJOUL MAJESTIC DATES 400g BOX,26.45588163124877,X
FLYBERRY MINI MEDJOUL DATES 200g BOX,19.98263134713633,X
FLYBERRY SHAHJEERA CARAWAY SEEDS,,Y
FLYBERRY SPICE OKRA CHIPS 25g,42.31813932375708,X
FLYBERRY SPICED CHICKPEAS CRISP 31g,0.0,X
FLYBERRY STRAWBERRY DEHYDRATED REGULAR,43.898626970560514,X
FOXTAIL MILLET KORRALU BIYYAM 500g,37.951669503554065,X
FREEDOM GROUNDNUTOIL 1LT,44.973959863290816,X
FREEDOM MUSTARD OIL 1 Lt,,Y
FREEDOM RF SUNFLOWER OIL 1LT POUCH,64.29884036290143,Y
FREEDOM RICE BRAN 1LTR,65.19281418567768,Y
FREEDOM SUNFLOWER OIL 5LT,19.98263134713633,X
FREEDOM SUNFLOWER OIL PET 1LT,56.978309713238914,Y
FREEDOM SUNFLOWER OIL PET 2LT,40.78187167961161,X
FRESH CREAM 200ML HERITAGE,,Y
FRESH CREAM 250ML AMUL,60.902306270706276,Y
FRESH CREAM 250ml UHT MILKY MIST,40.494792677962096,X
FRESH DATES YELLOW BOX ANAND,34.99271061118826,X
FRESH LOOSE PANEER,50.44914946868485,Y
FRESH PANEER BLOCK 200g AMUL,70.2559423529244,Y
FRIED GRAM PUTANA 250g,64.64049654768175,Y
FRUIT BASKET 120 SADGURU,,Y
FRUIT BASKET 170 SADGURU,40.0,X
FRUIT BASKET 200,47.14045207910317,X
FRUIT BASKET 200 SADGURU,0.0,X
FRUIT BASKET 240 SADGURU,,Y
FRUIT BASKET 250 RAJU,34.64101615137755,X
FRUIT BASKET 300 SADGURU,0.0,X
FRUIT BASKET 350 RAJU,115.47005383792515,Z
FRUIT BASKET 450 SADGURU,0.0,X
FRUIT BOWL NRG,96.07689228305227,Y
FRUIT BREAD 200g SML SPENCERS AKSHAYA NANDA,53.3063644374435,Y
FRUIT N NUT 150g DARK CHOCOLATE AMUL,34.0206908719886,X
FRUIT YOGHURT BB 100g MILKYMIST,57.719306082093745,Y
FRUIT YOGURT 75g ALPHONSO MANGO EPIGAMIA,61.94498630819595,Y
FRUIT YOGURT 75g STRAWBERRY EPIGAMIA,47.8275242311652,X
FULL CREAM MILK 500ml HERITAGE,13.26194348631948,X
FlyberryAlmondRoastedSalted,,Y
FlyberryBrazilNut,63.98588095858033,Y
FlyberryCashew180,78.86243558600299,Y
FlyberryHazelnut,18.72746819524143,X
FlyberryMacadamia,46.157787243698905,X
FlyberryMelonSeeds,59.02855104951915,Y
FlyberryPeriPeriAlmond,,Y
FlyberryPrunes,27.551926293185375,X
G ELAICHI 50g,57.4015207975292,Y
GAJANAN ORANGE PRM HMT RAW RICE 1Kg,41.06739365334642,X
GAJANAN ORANGE PRM HMT RAW RICE 5Kg,0.0,X
GAJANAN ORANGE PRM HMT RICE 1Kg,35.06714347510871,X
GAJANAN ORANGE PRM HMT RICE 5Kg,60.91237526412394,Y
GAJANAN TELANGANA SONA RICE 1Kg,55.96759728710177,Y
GAJANAN TELANGANA SONA RICE 5Kg,35.250582268891065,X
GARAM MASALA 100g VELLANKI FOODS,30.000000000000004,X
GARLIC,35.57834157511254,X
GARLIC PEELED BOX,59.74598251003913,Y
GARLIC PICKLE 250g AHA,43.30127018922193,X
GAVVALU SWEET 250G VELLANKI FOODS,58.289191367772396,Y
GEMS KG FLYBERRY,52.184827557870086,Y
GHEE 200ML PET JAR MILKY MIST,31.42696805273545,X
GHEE ARISELU 250g VELLANKI FOODS,52.31133283140462,Y
GINGER,36.576689038234115,X
GINGER GARLIC PASTE 250G VELLANKI FOODS,30.864558440741312,X
GINGER PICKLE 250G VELLANKI FOODS,42.9933351898675,X
GINGER PICKLE 250g AHA,31.774445465112127,X
GINGER PICKLE 500g AHA,0.0,X
GOLD DROP SUNFLOWER OIL 1Lt pouch,80.56072574353111,Y
GOLDEN COW GHEE 500 ML HERITAGE,38.93860407771961,X
GOLDEN KIWI FRUIT BIG,69.2820323027551,Y
GOLDEN KIWI SMALL,64.12418002272811,Y
GONGURA PANDU MIRAPAKAYA PICKLE  500g AHA,0.0,X
GONGURA PANDU MIRAPAKAYA PICKLE 250g  AHA,0.0,X
GONGURA PICKLE 250g  AHA,24.206145913796355,X
GONGURA PICKLE 250g VELLANKI FOODS,58.068180445463526,Y
GONGURA PICKLE 500g  AHA,0.0,X
GONGURA(PUNTIKURA),46.905995413198795,X
GRAPE JUICE,39.123039821797576,X
GREEK CEREALS YOGHURT 100g MILKY MIST,55.613469619611024,Y
GREEK HONEY AND FIG YOGHURT 100g MILKY MIST,52.704627669472984,Y
GREEK YOGHURT 100g MILKY MIST,54.633022118038575,Y
GREEK YOGURT 85g  ALPHONSO MANGO  EPIGAMIA,67.0078822299423,Y
GREEK YOGURT ALPHONSO MANGO SMOOTHIE 180ml EPIGAMIA,55.4414488249129,Y
GREEK YOGURT BLUEBERRY 90g EPIGAMIA,55.97873273158211,Y
GREEK YOGURT BLUEBERRY SMOOTHIE 180ml EPIGAMIA,48.074654588391,X
GREEK YOGURT MIXED BERRY ZERO ADDED SUGAR 120g EPIGAMIA,36.06782034617601,X
GREEK YOGURT NATURAL 90g EPIGAMIA,65.5437924008544,Y
GREEK YOGURT STRAWBERRY 85g EPIGAMIA,61.96864176523796,Y
GREEK YOGURT STRAWBERRY SMOOTHIE 180ml EPIGAMIA,49.5092368951633,X
GREEK YOGURT STRAWBERRY ZERO ADD SUGAR 120g EPIGAMIA,47.55849675866352,X
GREEK YOGURT VANILLA BEAN 90g EPIGAMIA,46.40275386865138,X
GREEK YOGURT WILD RASBERRY 85g EPIGAMIA,47.43787113098801,X
GREEN APPLE,89.9798264582837,Y
GREEN CHILLY,31.32697434487102,X
GREEN PEAS,55.013291205090134,Y
GREEN PEAS BATANI 500G EVR,22.845979416742118,X
GREEN PEAS SEED PAC,65.94888420593442,Y
GROUND NUT,57.96941183921537,Y
GROUND NUT OIL 1Lt. COLD PRESSED MESMARA,31.180478223116186,X
GUAVA HYBRID BIG ANAND,41.94336652402238,X
GUAVA Local,69.36036914027964,Y
GULAB JAM MIX 200g MILKY MIST,27.638539919628336,X
GULABI ROUND BRINJAL,48.956991380499915,X
Ginger Imbued Honey 250g BT,36.92744729379982,X
Ginger Imbued Honey 500g BT,0.0,X
Green Kiwi Small,49.254819044236406,X
HAZELNUT CHOCOLATE SPREAD 200g,,Y
HEKATPY BUCK WHEAT COOKIES 125g,43.30127018922193,X
HEKATPY PEARL MILLET COOKIE 125g,,Y
HEKATPY QUINO COOKIES 125g,69.2820323027551,Y
HEKTAPY HEALTHY DEL JOWAR 125G,0.0,X
HEKTAPY HEALTHY DEL RAGI 125G,34.64101615137755,X
HEKTAPY MULTI MILLET S.N,40.0,X
HEKTAPY OAT COOKIES  125g,,Y
HEKTAPY RAJGIRI COOKIES 125g,47.14045207910317,X
HIMALAYAN HONEY 225g APIS,0.0,X
HIMALAYAN HONEY 500g APIS,54.710120443219324,Y
HIMAYATH MANGO KG LOOSE,54.39223526233089,Y
HOME DELIVERY CHARGES,,Y
HULLED WHITE SESAME OIL 1Lt. MESMARA,0.0,X
I.Orange Pack of 4,44.220713919977854,X
ICE BERG ENGLISH ITEM SAMBERRY,54.92491377139559,Y
IDLI KARAM 100g VELLANKI FOODS,34.49757447456413,X
IDLI POWDER AKA GUNDPOWDER AKA KARAM PODI PREMIUM KG LOOSE FLYBER,,Y
IDLY . DOSA BATTER 1KG ID FRESH,54.14771176703256,Y
IDLY BATTER 900g DSL,54.81092293662015,Y
IDLY KARAM FLYBERRY,55.340839413081234,Y
IDLY RAVA1KG,55.848206014722955,Y
IDLY RAWA 500g,62.03454424197545,Y
IDLY RAWA ORANGE 1KG AISHWARYA,37.26779962499649,X
IDLY RICE  1Kg,59.704918463095225,Y
IGURU KARAM 100g VELLANKI FOODS,0.0,X
IMLI POP KG FLYBERRY,44.3471156521669,X
IMP ORANGE CANE,0.0,X
IMP Orange Juices,60.6808370892846,Y
IMPORTED ORANGE,65.93120929234175,Y
IMPORTED PLUMS,49.30862106240988,X
INDIAN RAISINS GREEN FLYBERRY,69.57384538703552,Y
INDIAN RAISINSGOLDEN KGS FLYBERRY,71.13532832600067,Y
INSIDE YELLOW MELON Kg,51.29179142137308,Y
IODIZED SALT 1KG PON,43.30127018922193,X
IRANIAN DATES 500g ORIGINAL AM ENTERPRISES,53.03300858899107,Y
JACK FRUIT SEEDS ANAND,43.47306031890257,X
JAGGERY KESAR 450G,66.4196790574246,Y
JAGGERY KESAR 900G,77.50110343938866,Y
JAGGERY MINI CUBES 500G EVR,42.69461282560343,X
JAGGERY POWDER 500g JIVIKA ORGANICS,72.32219054012945,Y
JANTHIKALU 250g VELLANKI FOODS,54.74351654302052,Y
JAVATRI 50g,35.15500422833249,X
JEERA 100g,35.817519970568945,X
JEERA 200g,51.010505048904896,Y
JEERA PAPAD 200G EVR,54.54545454545454,Y
JIVIKA COLD PRESSED SAFFLOWER OIL 1LTR,40.0,X
JIVIKA CORIANDER POWDER 100GMS,33.400973039718465,X
JIVIKA FOREST HONEY250ml,28.747978728803446,X
JIVIKA NATURALS PEANUT BUTTER500GMS,0.0,X
JIVIKA RED CHILLI POWDER 200GMS,28.40878895879049,X
JIVIKA RED CHILLI POWDER 500GMS,34.232659844072884,X
JIVIKA TURMERIC POWDER 100GMS,53.62288239238965,Y
JOWAR FLOUR 500g,62.50212345533498,Y
JUBJUB GUAVA JUICE,0.0,X
JUJUBIES FLYBERRY,61.46755053814877,Y
KABULI CHANA 500g,52.521879406517904,Y
KAJJIKAYALU 250g VELLANKI FOODS,44.166369260543334,X
KAJU PAKODI 250g VELLANKI FOODS,36.215191507356785,X
KALA JAMUN BOX PACK ANAND,54.81877247464851,Y
KANDI KARAM 100g  VELLANKI FOODS,22.90614236454256,X
KANDI KARAM 250GM AHA,0.0,X
KARAM GAVVALU 250G VELLANKI FOODS,28.969486636342683,X
KARAM SAKINALU 250g  VELLANKI FOODS,24.84747214216869,X
KARAN PHOOL 50g,39.71403293744867,X
KARIVEPAKU KARAM 100g VELLANKI FOODS,33.400973039718465,X
KARIVEPAKU KARAM 250g AHA,0.0,X
KARPURAVALLI BANANA,43.323749049940545,X
KASOORI METHI PAPAD 200G EVR,69.2820323027551,Y
KASURIMETHI 50G,48.480681749449175,X
KEERA JUICE,34.81553119113956,X
KESARI MANGO KG LOOSE,47.54977054871405,X
KHUS KHUS 50G,53.67392072044998,Y
KIMIA DATES PLASTIC BOX 400G ORIGINAL,54.195514017418354,Y
KIMJO KIMIA DATES 400g ELEPHANT,76.87061147858074,Y
KINELY WATER 500ml,124.40360994975406,Z
KINLEY SODA 750ML,81.25027595731649,Y
KINLEY WATER 1Lt,72.69705932946515,Y
KIRAN MELON,74.44939709925642,Y
KISMIS GREEN 250g,38.49001794597505,X
KNOOL COOL,68.45134033879148,Y
KOBBARI KARAM 250g AHA,0.0,X
KOBBARI VUNDALU 250g VELLANKI FOODS,44.48773997197094,X
KODO MILLET ARIKALU 500G,25.233602475222423,X
KOTHIMEERA CORIANDER KARAM 100g VELLANKI FOODS,0.0,X
KOVA KAJJIKAYALU 250g VELLANKI FOODS,37.03141784072393,X
KP MALABAR  PAROTA 5PC ID FRESH,57.33418511573033,Y
KURA KARAM 100g VELLANKI FOODS,40.406101782088435,X
KURNOOL MURMURA 500g,44.38572791110267,X
Kashmir Comb Honey 500g BT,37.03280399090206,X
L G HING 50g,41.402456773725014,X
LAB LAB,43.93941062382283,X
LADIES FINGER,26.661418226665194,X
LAKSHMAN FRUIT ANAND,29.0589009283551,X
LAL MICHI WITHOUT STEM 200G EVR,48.61438285947434,X
LAL MIRCHI WITH STEM 200G EVR,41.4653855414298,X
LANGADA MANGO KG LOOSE,75.26501711297757,Y
LASSI 200ml MILKY MIST UHT ROSE,68.46531968814575,Y
LASSI BLUBERRY 180ml MILKYMIST,44.72706004835763,X
LEAF ONION,70.18508998375046,Y
LEMON,33.61632609297177,X
LEMON JUICE,24.944382578492945,X
LEMON PICKLE  250g AHA,0.0,X
LEMON PICKLE 500g  AHA,0.0,X
LETTUCE RED ENG ITEM SAMBERRY,23.926634556115534,X
LETTUCE ROCKET ARUGULA KG ENGLISH ITEM SAMBERRY,,Y
LIME PICKLE 250g VELLANKI FOODS,75.0,Y
LITTLE MILLET SAMELU 500g,44.00956833761446,X
LOBIA,58.11246783420964,Y
LONG CHILLIES,57.96845584314946,Y
LOTUS ECLAIRS  250G,37.26779962499649,X
LOTUS KAJOOS 13.5 G,103.28557629601565,Z
LOTUS TANGO 20G,80.0483793950082,Y
LOW GI RICE 1Kg AISHWARYA,37.26779962499649,X
LOW GI RICE 5KG AISHWARYA,48.98979485566356,X
LYCHEE LOCAL ANAND,45.81179586627247,X
Lotus Stem SAMBERRY,68.03201125094621,Y
MAAZA 600ML,53.03300858899107,Y
MAGAYA PICKLE 250GMS VELLANKI FOODS,48.850421045919724,X
MAIDA 1 KG,32.48991615338157,X
MAIDA 500g,28.82306768491568,X
MALGUDI COFFEE 200g 60 DEGREES CONTINENTAL,0.0,X
MALGUDI COFFEE 200g 80 DEGREES CONTINENTAL,0.0,X
MALGUDI COFFEE 500g 80 DEGREE CONTINENTAL,0.0,X
MALGUDI FILTER COFFEE 500g 60 DEGREE CONTINENTAL,0.0,X
MALLIKA MANGO Kg LOOSE,68.89689029816262,Y
MANGO AVAKAYA 250g  AHA,23.52941176470588,X
MANGO AVAKAYA pPICKLE 500g AHA,0.0,X
MANGO BELLAM AVAKAI 250g AHA,0.0,X
MANGO GINGER,108.05781122628022,Z
MANGO JELLY ROLLS 250g VELLANKI FOODS,59.994030350937756,Y
MANGO JUICE,63.55317440318964,Y
MANGO MAGAYA  250g AHA,31.04698017127927,X
MANGO MAGAYA 500g AHA,40.0,X
MANGO PICKLE 250G VELLANKI FOODS,51.87883975346149,Y
MARATHI MOGGA 50gms EVR,40.0,X
MAREDUKAYA KG LOOSE,68.38071305772225,Y
MASALA KARAM 250g AHA,,Y
MASALA PALLI 250GMS VELLANKI FOODS,47.48631700803746,X
MASOOR DAL 500g,48.37821140777086,X
MASTI BUTTER MILK 1Lt AMUL,50.395263067896956,Y
MASTI BUTTER MILK 200ml AMUL tetra,91.52924859864152,Y
MEDJOUL DATES LARGE FLYBERRY loose kgs,59.993909150744315,Y
MENTI BIG,41.854705481488885,X
METHI 100G,50.25209235671282,Y
MILK BREAD 350g SPENCERS GOLDEN CRUST NANDA,,Y
MILK CHOCOLATE SMOOTH N CREAMY 150g AMUL,28.5273027866848,X
MILK SHAKE CHOCOLATE 220ML MILKY MIST,59.910826947704166,Y
MILK SHAKE STRAWBERRY 180ML HERITAGE,51.92587309132409,Y
MILK SHAKE STRAWBERRY 180ML MILKY MIST,69.46332650078342,Y
MILK SHAKE STRAWBERRY 180ml EPIGAMIA,66.44545240522442,Y
MILK SHAKE VANILA 180ml EPIGAMIA,58.865457492104966,Y
MILK SHAKE VANILLA 180ML MILKY MIST,48.816756380648094,X
MILKSHAKE CHOCOLATE 180ml EPIGAMIA,73.32045035066542,Y
MILLET DOSA BATTER 1Kg DSL,0.0,X
MILLET IDLY RAWA 500GMS SRI AHARYA,27.638539919628336,X
MILLET MOONG MIX 250g VELLANKI,41.402456773725,X
MILLETS UPMA RAWA 500GMS SRI AHARYA,0.0,X
MINI MEDJOUL FLYBERRY loose kgs,93.17545972508813,Y
MINUTE MAID PULPY 250 ML,65.28180452194319,Y
MISHTI DAHI 80g  EPIGAMIA,57.52312824843813,Y
MIXED SPROUTS ANAND,47.72654021179031,X
MIXTURE 250g VELLANKI FOODS,50.343315004881475,Y
MODERN  CRUST PIZZA BASE 150g,94.28090415820634,Y
MODERN 100% WHOLE WHEAT BREAD 400G,60.47320778308212,Y
MODERN BANANA PUDDING  CAKE 140g,36.597990903313516,X
MODERN BURGER BUN,0.0,X
MODERN CHOCO CHEER CAKE 120g,68.01534353748232,Y
MODERN FRUIT & NUT CAKE 140g,41.787764458348384,X
MODERN HI FIBER  BROWN BREAD 400g,47.72245501035462,X
MODERN MILK PLUS BREAD 450g,55.53481280892591,Y
MODERN SANDWICH SUPREME BREAD 400g,45.70119546217021,X
MODERN WOW PAV 200g,56.11677975901272,Y
MODREN FRUITY BREAD 200G,46.64257080998758,X
MOONG DAL 500G,49.67759826002238,X
MOONG DAL1kg,48.8575684475718,X
MOONG GREEN 500g,49.48565180308637,X
MOONGDAL RICE RAWA 500G AISHWARYA,,Y
MOUSAMBI,52.95490273119311,Y
MOUSAMBI JUICE,59.3082571358433,Y
MOZZARELLA CHEESE 200g MILKY MIST,19.23076923076923,X
MUKHWAS TINIMINI KG FLYBERRY,35.57981778782435,X
MULAGAKU KARAM 100g VELLANKI FOODS,34.22860840197998,X
MULBERY BOX PACK ANAND,30.6721597385812,X
MULTIGRAIN HEALTH MIX 500GMS SRI AHARYA,0.0,X
MUNAGAKU KARAM 250g AHA,0.0,X
MURUKULU 250g VELLANKI FOODS,62.664297187667096,Y
MUSK MELON - H,54.78895680795608,Y
MUSK MELON - LOCAL,46.501929587965954,X
MUSK MELON JUICE,57.22253581108725,Y
MUSTARD BIG 200g,45.37920325538874,X
MUSTARD OIL 1Lt. MESMARA,33.071891388307385,X
MUSTARD SMALL 200g,34.37638500697706,X
MYSORE PAK 250g HARD VELLANKI FOODS,37.80894825797972,X
Mango Juices,39.123039821797576,X
Mango Milk Shake,,Y
Moosambi Economy,,Y
NAGPUR ORANGE,62.12518890535211,Y
NAGPUR ORANGE JUICE,52.4682280241007,Y
NALLA KARAM 100g VELLANKI FOODS,34.99271061118826,X
NALLA KARAM 250g AHA,0.0,X
NANDA CREAM BUN VANILLA 60g,73.49464494150807,Y
NANDA CRM BUN CHOCOLATE 60g,86.37433099392494,Y
NANDA CRM BUN PINEAPPLE 60g,61.30507218820185,Y
NANDA MUFFIN FRUIT 240g,54.866649537897906,Y
NANDA MUFFIN VANILLA 240g,71.66094154334719,Y
NANDA OSMANIA COOKIES 300g,58.286008718981066,Y
NANDAS Mr BREADRY ZERO MAIDA 450g,47.14045207910317,X
NARINJAAKAYA KG LOOSE,77.55364696884715,Y
NATU DONDAKAI,49.526437188367304,X
NATURAL BROWN SUGAR 1Kg JIVIKA ORGANICS,42.39916850596463,X
NATURAL COW GHEE 500ml JIVIKA ORGANICS,0.0,X
NATURAL CURD 450g SIDS FARM,46.19508078921245,X
NATURAL ROCK SALT 1Kg JIVIKA ORGANICS,57.52929147106393,Y
NATURAL THICK CURD  POUCH 400 GMS ID FRESH,73.17113414112242,Y
NATURAL THICK CURD CUP 400g ID FRESH,33.36424046406526,X
NAVARATAN MIXTURE 250g VELLANKI FOODS,46.53661674377351,X
NEELAM MANGO Kg LOOSE,68.36317296944306,Y
NETHI BHERAKAI,57.576605176677255,Y
NUTMEG 50G,28.44893882865151,X
NUTRI+ WITH IMMUNITY BOOSTERS - 30 EGGS TRAY ABHI EGGS,42.578195013355845,X
NUTRI+ WITH IMMUNITY BOOSTERS - 6 EGGS PACK ABHI EGGS,52.17197916010814,Y
NUVULA KARAM FLYBERRY,,Y
NUVVULA CHIKKI 250g VELLANKI FOODS,58.81989821762491,Y
NUVVUNDALU 250g VELLANKI FOODS,27.32905147584456,X
OKRA CHIPS VACUUM FRIED 20g FLYBERRY,43.30127018922193,X
OLIVE OIL 1LTR MESMARA,0.0,X
OMANI SEEDLESS 250g FLYBERRY,32.48991615338157,X
ONION,32.762671038231595,X
ONION WHITE,84.73202152388097,Y
ORANGE DRAGES KG LOOSE FLYBERRY,,Y
ORANGE JUICE,,Y
ORGANIC CURD. 1KG TUB AKSHAYAKALPA,42.072026071216655,X
ORGANIC GREEK YOGHURT NATURAL 100g AKSHAYAKALPA,47.980889573505095,X
ORGANIC MALAI PANEER 200g AKSHAYAKALPA,55.36016032761086,Y
ORGANIC- CHEESE SLICES AKSHAYAKALPA,30.361335602843255,X
ORGANIC-PROBIOTIC CURD AKSHAYAKALPA,59.38085263359615,Y
OUTSIDE YELLOW MELON Kg,67.1298155105305,Y
PALAK GREEN,31.364476570155336,X
PALLI GROUND NUT KARAM 100g VELLANKI FOODS,26.505574027842794,X
PALLI PEANUT CHIKKI 250g VELLANKI FOODS,56.045905077038725,Y
PALLI PEANUT VUNDALU 250g VELLANKI FOODS,45.000047974490364,X
PANASA POTTU,57.880434434853825,Y
PANDU MIRAPAKAI PICKLE 500g AHA,0.0,X
PANDUMIRAPAKAYA 250g PICKLE AHA,26.646935501059648,X
PANEER 200G HERITAGE,56.10357093339549,Y
PANEER 200G ID FRESH,58.16515235111649,Y
PANEER 200g SINGLE BLOCK MILKY MIST,65.37958240856518,Y
PANEER 500G HERITAGE,66.23307943261435,Y
PANEER 500g MILKY MIST,19.98263134713633,X
PAPPAYA,36.69573682018966,X
PAPPAYA JUICE,42.495694162176356,X
PARSLEY PACK,,Y
PARVAL,57.69542610811402,Y
PASTEURISED BUTTER 100g AMUL,62.61117870704496,Y
PASUPU KOMMULU,75.70625419515193,Y
PEANUT OIL 1LT COLD PRESSED JIVIKA ORGANICS,29.10427500435996,X
PERI PERI CASHEW FLYBERRY,47.140452079103156,X
PERSIMMON FRUIT,86.52198574539486,Y
PGB SOYA CHUNKS 200G MEDIUM,36.46278462854964,X
PGB SOYA CHUNKS SMALL 200G,0.0,X
PHOOL MAKHANA 250g,,Y
PINE APPLE,54.46614108707764,Y
PINE APPLE JUICE,60.60915267313265,Y
PINK LADY APPLE,62.74152403412528,Y
PISTA FLAVOURED MILK 200ML HERITAGE,64.1313244360004,Y
PISTA GREEN SHELLED KG FLYBERRY,116.0010902813714,Z
PLAIN BUTTER MILK 200ML UHT AKSHAYA KALPA,69.10063595695595,Y
PLAIN CUP PAPAD 200G EVR,0.0,X
PLUMS LOCAL BOX ANAND,52.90782640817986,Y
POHA MEDIUM 500g,56.88975295394568,Y
POKCHOY LEAF SAMBERRY,28.34470716786831,X
POMEGRANATE CANE,40.0,X
POMEGRANATE JUICE,46.53107336516667,X
POMEGRANATE SEEDS,54.110822483115996,Y
PONAGANTI KURA,69.7654789193591,Y
POOJA GINGELLY OIL 1LTR,35.00121534107715,X
POOJA OIL 500ML,32.63087089829491,X
POOJA PATRI PACK,31.160637815000396,X
POPU SEEDS LOOSE,,Y
POTATO,29.5789269667368,X
POTATO CHIPS 200G EVR,30.0,X
PREMIUM FREEZE DIRED COFFEE 50gm JAR CONTINENTAL,0.0,X
PREMIUM MILK BREAD 400g SPENCERS AKSHAYA  FOODS,51.68497227860909,Y
PREMIUM SANDWICH BREAD 400g SPENCERS AKSHAYA FOODS ENGLISH RECIPE,56.29547780614025,Y
PRM BROWN BREAD 400g MR BREADY NANDAS,73.99294263931965,Y
PRM CHITTIMUTYALU RICE 1KG GAJANAN,40.0,X
PRM HMT RAW RICE 26KG BAG GAJANAN,26.97245312375624,X
PRM HMT RICE 26KG BAG GAJANAN,0.0,X
PROSO MILLET VARIGALU 500g,57.30803195291031,Y
PUDHINA,52.37061464619668,Y
PULIHORA PASTE 250G VELLANKI FOODS,51.87869375557271,Y
PUMPKIN,57.8778049517814,Y
PUMPKIN SEEDS KG FLYBERRY,84.88667337555128,Y
PURE O FRESH EGGS 30 pack,47.75933879565977,X
PURE O FRESH EGGS 6 PACK,50.188749785390776,Y
PUTNALU KOBBARIKARAM 250g AHA,0.0,X
Pomogranate Pack of 4,49.962751606658436,X
QUINOA SEEDS KGS FLYBERRY,,Y
RAGI FLOUR 500G,59.32413770093583,Y
RAGULU 500g,52.239438424198184,Y
RAISIN N ALMOND 150G CHOCOLATE AMUL,28.747978728803446,X
RASAM PODI 100g VELLANKI FOODS,35.136418446315325,X
RAW BANANA(GREEN PLANTIN),27.71700891900003,X
RAW HONEY 500g BT ROYAL BEE PON,0.0,X
RAW HONEY 950G BT ROYAL BEE PON,0.0,X
RAW MANGO,47.04556794046483,X
RAW PEANUT 1KG,48.27804087542523,X
RAW PEANUT500g,55.158828447358566,Y
RED BANTHI POOLU KGS LOOSE,35.39893380539315,X
RED BULL CAN 250ml,44.55663943395034,X
RED CHERRY FLYBERRY,62.548319819642806,Y
RED CHILLI PAPAD 200G EVR,0.0,X
RED CHILLI PICKLE 250G VELLANKI FOODS,22.329687826943605,X
RED LOBIYA 500g,29.771738980314826,X
RED RAJMA 500g,34.728757697315096,X
RED RICE 1KG,28.747978728803446,X
RED SEEDLESS GRAPES,,Y
REDCHILLY,,Y
RIBBON PAKODI 250g VELLANKI FOODS,60.947465870691566,Y
RICE FLOUR 500G,65.52785176890141,Y
RICE RAVA IDLY BATTER 1KG ID FRESH,38.772487476611126,X
RICE RAWA 500g,82.37363343024869,Y
RIDGE GOURD,28.070688119860865,X
ROASTED CHANA 200G,40.0,X
ROASTED SALTED ALMOND  KGS FLYBERRY,,Y
ROASTED SALTED PISTA KG FLYBERRY,69.00488189682558,Y
ROMAIN LETTUCE KG ENGISH ITEM SAMBERRY,56.131448104999606,Y
ROSE FLOWER POOLU KG LOOSE,9.166199015381157,X
ROSE LONG BRINJAL,37.353407005542024,X
ROUND CHEKKALU 250g VELLANKI FOODS,,Y
RUBUSTA BANANA,34.70507138387368,X
RUMANI MANGO KG LOOSE,61.48879752410684,Y
Raw Forest Honey 1000g BT,33.071891388307385,X
Raw Forest Honey 500g BT,26.972453123756235,X
Raw Jamun Honey 1000g BT,0.0,X
Raw Jamun Honey 500g BT,0.0,X
Raw Neem Honey 1000g BT,0.0,X
Raw Neem Honey 500g BT,0.0,X
Raw Pappaya,46.053624996719144,X
Red Banana,74.86197925334999,Y
Royalaga Pack of 4,43.257096661630236,X
SABJA SEEDS KG FLYBERRY,63.524913491844615,Y
SABUDANA 250g,62.780846272058355,Y
SAFFLOWER OIL 1Lt. COLD PRESSED MESMARA,0.0,X
SAMBAR ONION CHENNAI,114.96960908835594,Z
SAMBAR PODI 100g VELLANKI FOODS,41.7352482666642,X
SAMBAR  ONION,66.20428677644267,Y
SANNAPOOSA 250g VELLANKI FOODS,47.36601892841475,X
SAUNF 100gm EVR,28.284271247461902,X
SESAME OIL 1Lt COLD PRESSED JIVIKA ORGANICS,36.46278462854964,X
SET CURD 1kg BUCKET MILKY MIST,52.3444395788476,Y
SET CURD 200g MILKY MIST,44.00785266530078,X
SET CURD 400g MILKY MIST,39.78288944973853,X
SHAH JEERA 50g,48.56737248106016,X
SHRIKAND ELAICHI 100g MILKY MIST,0.0,X
SHRIKAND MANGO 100g MILKY MIST,46.86448734510502,X
SID FARMS MALAI PANEER 200g,53.81213509225442,Y
SIMLA APPLE,53.399450709822474,Y
SINGLE POLISH RICE 1Kg,62.71514693574761,Y
SINGLE POLISH RICE 5Kg,50.09682524484285,Y
SKYR YOGHURT 100g MILKYMIST,61.89974917048065,Y
SMALL AMLA,104.02170279607131,Z
SMALL CAPSICUM,64.02935235921238,Y
SNAKE GOURD,60.049816965397916,Y
SOAN PATTI 250g VELLANKI FOODS,19.98263134713633,X
SONA MASURI TELANGANA STEAM RICE 26KG GAJANAN,0.0,X
SOYA CHUNKS MEDIUM 200G EVR,43.72106118252708,X
SOYA CHUNKS SMALL 200G EVR,53.73351969897846,Y
SOYAKURA,62.88086597730788,Y
SPECIAL  LONG LIFE MILK 500ML HERITAGE,82.96061674256589,Y
SPECIAL LONG LIFE COW MILK 180ML HERITAGE,88.73231400684465,Y
SPECIALE COFFEE 200g JAR CONTINENTAL,,Y
SPICE ALMOND DRAGEE KG LOOSE FLYBERRY,,Y
SPICE BUTTER MILK 200ml UHT AKSHAYA KALPA,75.63186444183384,Y
SPICED TARO CHIPS 30g FLYBERRY GOURMET,,Y
SPICY ALOO CHIPS 100g VELLANKI FOODS,61.22469981015676,Y
SPRITE 600ML,71.26966450997983,Y
SPRITE PET  250ML,79.93588331068796,Y
SPROUTED RAGI FLOUR 500GMS SRI AHARYA,33.071891388307385,X
SRI DIVYA DEEPARDHANA OIL 910 ML,,Y
SRI LALITHA BROWN RICE 5KG SONAMASOORI,0.0,X
SRI LALITHA HMT RICE 10KG,0.0,X
SRI LALITHA HMT RICE 26KG,,Y
SRI LALITHA IDLY RAVA 1KG,37.03280399090206,X
STAR FRUIT,37.26779962499649,X
STAR PAPAD 200G EVR,33.071891388307385,X
STRAWBERRY FLAVOURED MILK 180ML HERITAGE,71.66070253780445,Y
STRAWBERRY LOCAL ANAND BOX,,Y
SUGAR 1 KG,61.1933258623224,Y
SUGAR 2 KG,64.2575463121999,Y
SUGAR CANE PACK,54.65807953696399,Y
SUGAR FREE DARK CHOCOLATE 150g AMUL,46.18802153517005,X
SUN MELON YELLOW,,Y
SUNFLOWER OIL 1LT COLD PRESSED MESMARA,24.944382578492945,X
SUNFLOWER OIL 1Lt COLD PRESSED JIVIKA ORGANICS,31.37475099502784,X
SUNFLOWER OIL COLDPRESSED 5L MESMARA,,Y
SUNFLOWER SEEDS KG FLYBERRY,60.62352613910872,Y
SWEET ALMOND OIL100ML MESMARA,0.0,X
SWEET CORN,37.05081173071678,X
SWEET CORN SEED,61.09045980623781,Y
SWEET POTATO,37.839512631475905,X
Small Bitter Gourd,71.49940199292418,Y
Snake Gourd Small,57.914094931113056,Y
TABLE BUTTER 100g HERITAGE,45.95816334208512,X
TABLE BUTTER 500G HERITAGE,0.0,X
TABLE BUTTER CHIPLITE MILKY MIST,29.114350917767013,X
TABLE BUTTER SALTED 100g MILKY MIST,44.81636549584413,X
TABLE BUTTER SALTED 200G MILKY MIST,34.228608401979976,X
TAMARIND 500g,56.687596034092145,Y
TAMARIND PICKLE 250g AHA,0.0,X
TAMARIND PICKLE 500g AHA,,Y
TAMARIND PICKLE250G VELLANKI FOODS,0.0,X
TAMARIND SEEDLESS 500g SRI SIVA RUDRA EVR,51.712822038050874,Y
TAPESWARAM KAJA 250g VELLANKI FOODS,37.266527868347374,X
TATA IODISED CRYSTAL SALT 1KG,62.88216493304494,Y
TATA SALT 1KG,66.24907338874002,Y
TEENDA,60.896393431033935,Y
TELANGANA CHEKKALU 250g  VELLANKI FOODS,51.662070646595346,Y
THADKA MIX POPU DINUSULU 200G,,Y
THAI RED CHILLI KG ENGLISH ITEM SAMBERRY,17.27156352926678,X
THAMALAPAKULU,78.56853200421439,Y
THIS CREAMY CARAMEL 18G CONTINENTAL,47.14045207910317,X
THIS CREAMY COFFEE MOCHA 22g CONTINENETAL,34.64101615137754,X
THIS IS CAPPUCCINO 22g CONTINENTAL,,Y
THIS IS CARAMEL CREAMY COFFEE22g CONTINENTAL,0.0,X
THOTAPURI MANGO,55.99431269359189,Y
THREE MANGO MIRCHI  PWD 500G,69.00655593423542,Y
THREE MANGO MIRCHI PWD 200G,,Y
THREE MANGO RAI PWD 200G,47.14045207910317,X
THREE MANGO RAI PWD 500G,43.30127018922194,X
THUMMIKURA,,Y
THUMS UP  600ml PET BOTTLE,42.5523159002817,X
THUMS UP 1.25L,,Y
THUMS UP 1Lt PET BOTTLE,64.90734136415513,Y
THUMS UP 250ML,70.8105233399833,Y
TIL 100G,64.58893671888387,Y
TNS DATES 200g,34.64101615137755,X
TOFU PANEER 200g SAI RATNA FOODS,41.26041862764749,X
TOMATO (APPLE) hybrid,158.98340522815585,Z
TOMATO LOCAL,24.735334458591055,X
TOMATO PICKLE  250g AHA,31.774445465112134,X
TOMATO PICKLE  500g AHA,0.0,X
TOMATO PICKLE 250G VELLANKI FOODS,0.0,X
TONED MILK 500ml HERITAGE,170.26636470209235,Z
TOOR  DAL FATKA POLISHED 1kg,52.568527706091736,Y
TOOR DAL PRM UNPOLISHED FATKA 1KG,49.22796848744593,X
TOP MILLET ANDU KORRALU 500G,26.972453123756235,X
TOTAL CURD 120GMS HERITAGE,43.12881042159232,X
TRIANGLE PAPAD 200G EVR,0.0,X
TURNIPS KG ENGLISH ITEM SAMBERRY,,Y
TUTTI FRUITY KG FLYBERRY,55.687667403818,Y
Thotakura,46.99734076271127,X
Tulsi Infused Honey 250g BT,30.361335602843265,X
Tulsi Infused Honey 500g BT,0.0,X
UHT BUTTER MILK 180ML MILKY MIST,76.6017930245034,Y
ULAVACHARU 250g HASSTA,62.10380388442884,Y
URAD BLACK SPLIT 500g,54.110822483115996,Y
URAD BLACK WHOLE 500G,71.26966450997983,Y
URAD DAL UNPOLISHED 500g,34.39943039383043,X
URAD ROUND UN POLISHED 1kg,44.68504500113261,X
USA FUJI APPLE,62.44756965543692,Y
VAAKKAI,65.06288461746249,Y
VAMPOOSA 250g VELLANKI FOODS,58.7602799856009,Y
VANILLA FLAVOURED MIILK 180ML HERITAGE,55.804899885324346,Y
VARI NUKA AISHWARYA 500G,,Y
VELLANIKI BITTER GOURD PAKODA 150G,33.946348413888636,X
VELLANKI  PESARA MURKULU 250G,59.55678215633109,Y
VELLANKI AVISELA  CHIKKI 250G,28.139158132105667,X
VELLANKI HEALTHY LADDU 250G,46.8254025495277,X
VELLANKI JONNA MURKULU 250G,54.952504616968376,Y
VELLANKI JOWARI FLAKES 250G,48.132181731317495,X
VELLANKI KAKARAKAYA CHIPS 150G,34.020690871988585,X
VELLANKI MILLET BOONDI ACTHU 250g,44.76853790028205,X
VELLANKI MILLET MIXTURE 250g,50.726750283466856,Y
VELLANKI MILLET MURKULU 250g,48.90975129864509,X
VELLANKI MULTI SEEDS CHIKI 250g,48.06723007158726,X
VELLANKI VAM MURKULU 250g,47.40287266331429,X
VELLANLI RAGI RIBBON PAKODI 150G,35.06714347510871,X
VENNA VUNDALU 250GMS VELLANKI FOODS,49.080331078184194,X
VINAYAKA VIGRAHAM 12 INCH,84.85281374238569,Y
VINAYAKA VIGRAHAM 8 INCH,66.66666666666666,Y
VIRGIN COCONUT OIL 200ml AKSHAYA KALPA,0.0,X
VITAMIN D3  WITH IMMUNITY BOOSTERS - 6 EGGS PACK  ABHI EGGS,52.48145957739764,Y
VITAMIN D3 IMMUNITY BOOSTER 30PC PACK ABHI EGGS,36.92395814112101,X
Vakai Box,66.94705292047472,Y
WALNUT PREMIUM KGS FLYBERRY,67.48052577365377,Y
WALNUT REGULAR  KGS FLYBERRY,84.83076333251559,Y
WASHINGTON APPLE,65.34968508702936,Y
WATER APPLE BOX,55.72176355641868,Y
WATER MELON PLATE,,Y
WATERMELON JUICE,63.73377600725508,Y
WHEAT CHAPATI 390G 10PC ID FRESH,51.6989438683369,Y
WHEAT GRASS,,Y
WHEAT PAROTA 5PC 400G ID FRESH,48.8529081174832,X
WHEAT RAWA MEDIUM 500g,61.744454341546785,Y
WHEELS PAPAD 200g EVR,0.0,X
WHITE JOWAR 500g,72.75072935511285,Y
WHITE JOWAR RAWA 500g,0.0,X
WHITE JOWAR SORGHUM RAWA 500GMS SRI AHARYA,39.123039821797576,X
WHITE LOBIYA 500g,48.67380427216285,X
WHITE PAV 200g SPENCERS AKSHAYA FOODS,58.127847217059944,Y
WHITE RADISH,58.630898687308154,Y
WHITE RAJMA 500g,50.0616903380836,Y
WHITE ROUND BRINJAL,35.6674782864896,X
WHITE SEEDLESS GRAPES,60.993623909467054,Y
WHOLE MEAL BROWN BREAD 400g SPENCERS AKSHAYA FOODS,47.53084747377797,X
WHOLE WHEAT BREAD 400g  SPENCERS AKSHAYA FOODS,55.67182987188445,Y
WHOLE WHEAT BREAD 400g MR BREADY NANDAS,0.0,X
WOOD APPLE,189.91692285422613,Z
WORKOUT TRAIL MIX KG FLYBERRY,59.32272569641588,Y
XTRA 200g JAR CONTINENTAL,0.0,X
XTRA 50gm POUCH  CONTINENTAL,47.541654650165405,X
XTRA SACHET 2.3G CONTINENTAL,61.712296194432106,Y
YELLOW BANTHI POOLU KGS LOOSE,79.57769596186436,Y
YELLOW CAULIFLOWER PC,,Y
YELLOW DRAGON KG LOOSE,54.53057660995656,Y
YELLOW JOWAR 500g,52.64730886222754,Y
YELLOW JOWAR SORGHUM RAWA 500G SRI AHARYA,0.0,X
YELLOW MELON,39.326777072395714,X
YOGHURT  MANGO MILKYMIST,57.57743921618055,Y
YOGHURT PEACH 100GM MILKYMIST,73.06823759317051,Y
YOGHURT STRAWBERRY MILKYMIST,62.2255379394412,Y
YOGURT MANGO 90g AKSHAYA KALPA,53.98983926006979,Y
ZUCCHIINI GREEN ENGLISH ITEM SAMBERRY,54.38026603051765,Y
ZUCCHINI YELLOW ENGLISH ITEM SAMBERRY,53.88294130138834,Y
chinna menthi,40.442731234363066,X
chintakayalu,77.82695034664049,Y
chukkakura,42.53496290808937,X
gangavyalukura,45.447151413721144,X
koyakura,47.26499774418475,X
mulagaku,,Y
pink Dragon Fruit,67.0695574101663,Y
red thotakura,71.46859670183926,Y
simla mirchi bajji,79.92075970790151,Y
